"population","sampleSize","pollster","startDate","endDate","pollsterRating","wtpolls","wtplus","wtnow","polltype","choice","party","pct","adj_pct","polltypeA","polltype1"
"lv",289,"Ipsos",2015-12-13,2015-12-17,"A-",2.91e-06,2.91e-06,5.4e-09,"now","Clinton","D",43,38.79651,"now",1
"lv",250,"Ipsos",2015-12-28,2016-01-01,"A-",3.56e-06,3.56e-06,9.9e-09,"now1","Clinton","D",38,33.71906,"now",2
"rv",2001,"Morning Consult",2015-11-13,2015-11-16,"",4.82e-06,4.82e-06,3.99e-09,"now2","Clinton","D",44,41.27864,"now",3
"lv",620,"Ipsos",2015-12-14,2015-12-18,"A-",6.38e-06,6.38e-06,1.22e-08,"now3","Clinton","D",43.5,39.28963,"now",4
"rv",2047,"Morning Consult",2015-12-03,2015-12-07,"",7.03e-06,7.03e-06,9.97e-09,"now4","Clinton","D",40,37.01333,"now",5
"lv",514,"Ipsos",2015-12-29,2016-01-02,"A-",7.42e-06,7.42e-06,2.12e-08,"now5","Clinton","D",43.5,39.21522,"now",6
"lv",876,"Ipsos",2015-12-15,2015-12-19,"A-",9.17e-06,9.17e-06,1.8e-08,"now6","Clinton","D",42.6,38.38273,"now",7
"rv",1417,"SurveyMonkey",2016-06-02,2016-06-05,"C-",1.01e-05,1.01e-05,1.95e-06,"now7","Clinton","D",39,40.24448,"now",8
"lv",1130,"Ipsos",2015-12-16,2015-12-20,"A-",1.21e-05,1.21e-05,2.44e-08,"now8","Clinton","D",43.5,39.28584,"now",9
"lv",831,"Ipsos",2015-12-30,2016-01-03,"A-",1.23e-05,1.23e-05,3.6e-08,"now9","Clinton","D",42.6,38.31139,"now",10
"rv",12116,"SurveyMonkey",2016-03-28,2016-04-03,"C-",1.33e-05,1.33e-05,4.43e-07,"now10","Clinton","D",45,39.93159,"now",11
"rv",883,"Morning Consult",2016-02-15,2016-02-16,"",1.44e-05,1.44e-05,1.47e-07,"now11","Clinton","D",43,39.46127,"now",12
"rv",2173,"Morning Consult",2016-01-08,2016-01-10,"",1.47e-05,1.47e-05,5.38e-08,"now12","Clinton","D",42,38.81943,"now",13
"lv",1358,"Ipsos",2015-12-19,2015-12-23,"A-",1.56e-05,1.56e-05,3.4e-08,"now13","Clinton","D",41.7,37.46218,"now",14
"lv",1425,"Ipsos",2015-12-17,2015-12-21,"A-",1.56e-05,1.56e-05,3.23e-08,"now14","Clinton","D",43.7,39.47832,"now",15
"lv",1330,"Ipsos",2015-12-20,2015-12-24,"A-",1.56e-05,1.56e-05,3.5e-08,"now15","Clinton","D",42.5,38.25413,"now",16
"lv",1423,"Ipsos",2015-12-18,2015-12-22,"A-",1.59e-05,1.59e-05,3.39e-08,"now16","Clinton","D",43.2,38.97024,"now",17
"lv",1334,"Ipsos",2015-12-21,2015-12-25,"A-",1.6e-05,1.6e-05,3.7e-08,"now17","Clinton","D",42.1,37.84605,"now",18
"rv",4038,"Morning Consult",2015-12-11,2015-12-15,"",1.68e-05,1.68e-05,2.95e-08,"now18","Clinton","D",46,42.95101,"now",19
"lv",1367,"Ipsos",2015-12-22,2015-12-26,"A-",1.68e-05,1.68e-05,3.98e-08,"now19","Clinton","D",42.1,37.84217,"now",20
"rv",9405,"SurveyMonkey",2016-04-18,2016-04-24,"C-",1.68e-05,1.68e-05,9.89e-07,"now20","Clinton","D",44,39.66282,"now",21
"rv",11498,"SurveyMonkey",2016-04-11,2016-04-17,"C-",1.71e-05,1.71e-05,8.31e-07,"now21","Clinton","D",48,43.27086,"now",22
"lv",1413,"Ipsos",2015-12-23,2015-12-27,"A-",1.78e-05,1.78e-05,4.33e-08,"now22","Clinton","D",42.4,38.13831,"now",23
"lv",1203,"Ipsos",2015-12-31,2016-01-04,"A-",1.81e-05,1.81e-05,5.47e-08,"now23","Clinton","D",42.8,38.50756,"now",24
"lv",1603,"Ipsos",2015-12-24,2015-12-28,"A-",2.07e-05,2.07e-05,5.17e-08,"now24","Clinton","D",43.2,38.93445,"now",25
"lv",1282,"Ipsos",2016-01-05,2016-01-09,"A-",2.18e-05,2.18e-05,7.52e-08,"now25","Clinton","D",41.6,37.28655,"now",26
"lv",1586,"Ipsos",2015-12-27,2015-12-31,"A-",2.21e-05,2.21e-05,5.98e-08,"now26","Clinton","D",43.2,38.9229,"now",27
"lv",1692,"Ipsos",2015-12-25,2015-12-29,"A-",2.24e-05,2.24e-05,5.75e-08,"now27","Clinton","D",42.8,38.5306,"now",28
"lv",1293,"Ipsos",2016-01-06,2016-01-10,"A-",2.25e-05,2.25e-05,7.98e-08,"now28","Clinton","D",42.6,38.28259,"now",29
"lv",1465,"Ipsos",2016-01-01,2016-01-05,"A-",2.26e-05,2.26e-05,7e-08,"now29","Clinton","D",41.8,37.50373,"now",30
"lv",1274,"Ipsos",2016-01-07,2016-01-11,"A-",2.27e-05,2.27e-05,8.27e-08,"now30","Clinton","D",43.1,38.77865,"now",31
"lv",1260,"Ipsos",2016-01-08,2016-01-12,"A-",2.29e-05,2.29e-05,8.59e-08,"now31","Clinton","D",44.9,40.58062,"now",32
"lv",1708,"Ipsos",2015-12-26,2015-12-30,"A-",2.32e-05,2.32e-05,6.11e-08,"now32","Clinton","D",42.6,38.32674,"now",33
"lv",1477,"Ipsos",2016-01-02,2016-01-06,"A-",2.33e-05,2.33e-05,7.44e-08,"now33","Clinton","D",41.9,37.59991,"now",34
"lv",1411,"Ipsos",2016-01-04,2016-01-08,"A-",2.34e-05,2.34e-05,7.87e-08,"now34","Clinton","D",41.2,36.89051,"now",35
"rv",1182,"Morning Consult",2016-02-26,2016-02-27,"",2.36e-05,2.36e-05,3.22e-07,"now35","Clinton","D",44,40.27398,"now",36
"lv",1324,"Ipsos",2016-01-09,2016-01-13,"A-",2.47e-05,2.47e-05,9.5e-08,"now36","Clinton","D",43.9,39.58023,"now",37
"lv",1531,"Ipsos",2016-01-03,2016-01-07,"A-",2.48e-05,2.48e-05,8.11e-08,"now37","Clinton","D",40.1,35.7961,"now",38
"lv",1339,"Ipsos",2016-01-10,2016-01-14,"A-",2.55e-05,2.55e-05,1.01e-07,"now38","Clinton","D",43.5,39.17608,"now",39
"lv",1303,"Ipsos",2016-01-13,2016-01-17,"A-",2.67e-05,2.67e-05,1.15e-07,"now39","Clinton","D",44.4,40.06268,"now",40
"lv",1373,"Ipsos",2016-01-11,2016-01-15,"A-",2.68e-05,2.68e-05,1.09e-07,"now40","Clinton","D",43.7,39.37162,"now",41
"rv",12462,"SurveyMonkey",2016-04-25,2016-05-01,"C-",2.71e-05,2.71e-05,1.92e-06,"now41","Clinton","D",43,39.2292,"now",42
"lv",1357,"Ipsos",2016-01-12,2016-01-16,"A-",2.71e-05,2.71e-05,1.13e-07,"now42","Clinton","D",44.7,40.36714,"now",43
"lv",1301,"Ipsos",2016-01-14,2016-01-18,"A-",2.73e-05,2.73e-05,1.2e-07,"now43","Clinton","D",43.6,39.25824,"now",44
"lv",1250,"Ipsos",2016-01-16,2016-01-20,"A-",2.75e-05,2.75e-05,1.28e-07,"now44","Clinton","D",41.7,37.34385,"now",45
"lv",1296,"Ipsos",2016-01-15,2016-01-19,"A-",2.78e-05,2.78e-05,1.26e-07,"now45","Clinton","D",42,37.64985,"now",46
"lv",1288,"Ipsos",2016-01-17,2016-01-21,"A-",2.9e-05,2.9e-05,1.39e-07,"now46","Clinton","D",41.7,37.33786,"now",47
"rv",2197,"Morning Consult",2016-02-03,2016-02-07,"",2.91e-05,2.91e-05,2.2e-07,"now47","Clinton","D",45,41.64528,"now",48
"rv",11089,"SurveyMonkey",2016-05-02,2016-05-08,"C-",2.96e-05,2.96e-05,2.54e-06,"now48","Clinton","D",49,45.92162,"now",49
"lv",1295,"Ipsos",2016-01-18,2016-01-22,"A-",2.99e-05,2.99e-05,1.47e-07,"now49","Clinton","D",41.3,36.93175,"now",50
"lv",1275,"Ipsos",2016-01-19,2016-01-23,"A-",3.01e-05,3.01e-05,1.52e-07,"now50","Clinton","D",42.6,38.2261,"now",51
"lv",1296,"Ipsos",2016-01-20,2016-01-24,"A-",3.13e-05,3.13e-05,1.62e-07,"now51","Clinton","D",45.3,40.92047,"now",52
"lv",1311,"Ipsos",2016-01-21,2016-01-25,"A-",3.25e-05,3.25e-05,1.73e-07,"now52","Clinton","D",46.5,42.10943,"now",53
"rv",4060,"Morning Consult",2016-01-14,2016-01-17,"",3.3e-05,3.3e-05,1.46e-07,"now53","Clinton","D",44,40.79902,"now",54
"lv",1330,"Ipsos",2016-01-22,2016-01-26,"A-",3.37e-05,3.37e-05,1.84e-07,"now54","Clinton","D",45.3,40.90192,"now",55
"rv",1516,"Morning Consult",2016-03-04,2016-03-06,"",3.49e-05,3.49e-05,5.78e-07,"now55","Clinton","D",46,42.17796,"now",56
"lv",1371,"Ipsos",2016-01-23,2016-01-27,"A-",3.56e-05,3.56e-05,2e-07,"now56","Clinton","D",46.2,41.79438,"now",57
"lv",1387,"Ipsos",2016-01-24,2016-01-28,"A-",3.69e-05,3.69e-05,2.13e-07,"now57","Clinton","D",45.1,40.68648,"now",58
"rv",4001,"Morning Consult",2016-01-21,2016-01-24,"",4e-05,4e-05,2.13e-07,"now58","Clinton","D",45,41.75021,"now",59
"rv",12507,"SurveyMonkey",2016-05-09,2016-05-15,"C-",4.11e-05,4.11e-05,4.26e-06,"now59","Clinton","D",48,45.47818,"now",60
"lv",1522,"Ipsos",2016-01-25,2016-01-29,"A-",4.15e-05,4.15e-05,2.46e-07,"now60","Clinton","D",45.8,41.37857,"now",61
"lv",1345,"Ipsos",2016-01-31,2016-02-04,"A-",4.28e-05,4.28e-05,2.98e-07,"now61","Clinton","D",42.6,38.13115,"now",62
"lv",1318,"Ipsos",2016-02-01,2016-02-05,"A-",4.3e-05,4.3e-05,3.08e-07,"now62","Clinton","D",44.3,39.80969,"now",63
"lv",1578,"Ipsos",2016-01-26,2016-01-30,"A-",4.42e-05,4.42e-05,2.69e-07,"now63","Clinton","D",46.5,42.07066,"now",64
"lv",1426,"Ipsos",2016-01-30,2016-02-03,"A-",4.42e-05,4.42e-05,3e-07,"now64","Clinton","D",44.7,40.23903,"now",65
"lv",1332,"Ipsos",2016-02-02,2016-02-06,"A-",4.45e-05,4.45e-05,3.27e-07,"now65","Clinton","D",44.4,39.91934,"now",66
"lv",1310,"Ipsos",2016-02-03,2016-02-07,"A-",4.48e-05,4.48e-05,3.39e-07,"now66","Clinton","D",45.5,41.00451,"now",67
"lv",1584,"Ipsos",2016-01-27,2016-01-31,"A-",4.55e-05,4.55e-05,2.85e-07,"now67","Clinton","D",46.7,42.26275,"now",68
"lv",1557,"Ipsos",2016-01-28,2016-02-01,"A-",4.59e-05,4.59e-05,2.95e-07,"now68","Clinton","D",46.2,41.75484,"now",69
"lv",1311,"Ipsos",2016-02-04,2016-02-08,"A-",4.6e-05,4.6e-05,3.57e-07,"now69","Clinton","D",45.7,41.1924,"now",70
"lv",1322,"Ipsos",2016-02-05,2016-02-09,"A-",4.75e-05,4.75e-05,3.79e-07,"now70","Clinton","D",47.8,43.27722,"now",71
"lv",1573,"Ipsos",2016-01-29,2016-02-02,"A-",4.76e-05,4.76e-05,3.14e-07,"now71","Clinton","D",46.9,42.44693,"now",72
"lv",1304,"Ipsos",2016-02-06,2016-02-10,"A-",4.8e-05,4.8e-05,3.94e-07,"now72","Clinton","D",45.2,40.66201,"now",73
"lv",1284,"Ipsos",2016-02-07,2016-02-11,"A-",4.85e-05,4.85e-05,4.08e-07,"now73","Clinton","D",43.7,39.1468,"now",74
"lv",1152,"Ipsos",2016-02-12,2016-02-16,"A-",4.91e-05,4.91e-05,4.73e-07,"now74","Clinton","D",45.6,40.96743,"now",75
"lv",1288,"Ipsos",2016-02-08,2016-02-12,"A-",4.98e-05,4.98e-05,4.31e-07,"now75","Clinton","D",43.2,38.63159,"now",76
"lv",1269,"Ipsos",2016-02-09,2016-02-13,"A-",5.03e-05,5.03e-05,4.47e-07,"now76","Clinton","D",42.6,38.01638,"now",77
"lv",1272,"Ipsos",2016-02-10,2016-02-14,"A-",5.17e-05,5.17e-05,4.72e-07,"now77","Clinton","D",43.5,38.90116,"now",78
"lv",1280,"Ipsos",2016-02-11,2016-02-15,"A-",5.33e-05,5.33e-05,5e-07,"now78","Clinton","D",44.8,40.18599,"now",79
"lv",1269,"Ipsos",2016-02-13,2016-02-17,"A-",5.54e-05,5.54e-05,5.49e-07,"now79","Clinton","D",45.9,41.2489,"now",80
"rv",14513,"SurveyMonkey",2016-05-16,2016-05-22,"C-",6.01e-05,6.01e-05,7.52e-06,"now80","Clinton","D",47,44.85181,"now",81
"rv",9240,"SurveyMonkey",2016-05-30,2016-06-05,"C-",6.07e-05,6.07e-05,1.11e-05,"now81","Clinton","D",48,45.76363,"now",82
"rv",2011,"Morning Consult",2016-03-16,2016-03-18,"",6.37e-05,6.37e-05,1.46e-06,"now82","Clinton","D",45,40.96391,"now",83
"lv",1297,"Ipsos",2016-02-19,2016-02-23,"A-",6.63e-05,6.63e-05,7.72e-07,"now83","Clinton","D",43.6,38.82119,"now",84
"rv",12969,"SurveyMonkey",2016-05-23,2016-05-29,"C-",6.83e-05,6.83e-05,1.03e-05,"now84","Clinton","D",47,44.84605,"now",85
"lv",1530,"Ipsos",2016-02-14,2016-02-18,"A-",6.86e-05,6.86e-05,6.97e-07,"now85","Clinton","D",44.6,39.92049,"now",86
"lv",1503,"Ipsos",2016-02-15,2016-02-19,"A-",6.91e-05,6.91e-05,7.23e-07,"now86","Clinton","D",42.3,37.5962,"now",87
"lv",1490,"Ipsos",2016-02-16,2016-02-20,"A-",7.04e-05,7.04e-05,7.55e-07,"now87","Clinton","D",41.9,37.17394,"now",88
"rv",2001,"Morning Consult",2016-03-18,2016-03-21,"",7.05e-05,7.05e-05,1.75e-06,"now88","Clinton","D",45,40.96148,"now",89
"lv",1366,"Ipsos",2016-02-20,2016-02-24,"A-",7.16e-05,7.16e-05,8.57e-07,"now89","Clinton","D",44.3,39.50605,"now",90
"lv",1515,"Ipsos",2016-02-18,2016-02-22,"A-",7.55e-05,7.55e-05,8.55e-07,"now90","Clinton","D",41.8,37.03633,"now",91
"lv",1416,"Ipsos",2016-02-21,2016-02-25,"A-",7.62e-05,7.62e-05,9.36e-07,"now91","Clinton","D",44.3,39.49095,"now",92
"rv",9355,"SurveyMonkey",2016-06-06,2016-06-12,"C-",7.7e-05,7.7e-05,1.7e-05,"now92","Clinton","D",42,43.15786,"now",93
"lv",1606,"Ipsos",2016-02-17,2016-02-21,"A-",7.79e-05,7.79e-05,8.59e-07,"now93","Clinton","D",41.7,36.95513,"now",94
"rv",5818,"SurveyMonkey",2016-06-20,2016-06-26,"C-",7.89e-05,7.89e-05,2.54e-05,"now94","Clinton","D",42,43.05429,"now",95
"rv",2978,"Morning Consult",2016-03-11,2016-03-13,"",8.14e-05,8.14e-05,1.63e-06,"now95","Clinton","D",47,43.0679,"now",96
"lv",1000,"Rasmussen/Pulse Opinion Research",2015-12-22,2015-12-23,"C+",8.2e-05,8.2e-05,1.89e-07,"now96","Clinton","D",37,33.90756,"now",97
"rv",2071,"Morning Consult",2016-03-24,2016-03-26,"",8.38e-05,8.38e-05,2.38e-06,"now97","Clinton","D",44,39.90843,"now",98
"lv",1346,"Ipsos",2016-02-27,2016-03-02,"A-",8.52e-05,8.52e-05,1.23e-06,"now98","Clinton","D",45.9,41.00629,"now",99
"lv",1386,"Ipsos",2016-02-28,2016-03-03,"A-",9.01e-05,9.01e-05,1.34e-06,"now99","Clinton","D",46,41.09284,"now",100
"lv",1659,"Ipsos",2016-02-22,2016-02-26,"A-",9.17e-05,9.17e-05,1.16e-06,"now100","Clinton","D",44.6,39.77713,"now",101
"lv",1573,"Ipsos",2016-02-24,2016-02-28,"A-",9.19e-05,9.19e-05,1.22e-06,"now101","Clinton","D",43.6,38.73944,"now",102
"lv",1625,"Ipsos",2016-02-23,2016-02-27,"A-",9.23e-05,9.23e-05,1.2e-06,"now102","Clinton","D",43.8,38.95206,"now",103
"lv",1561,"Ipsos",2016-02-25,2016-02-29,"A-",9.37e-05,9.37e-05,1.28e-06,"now103","Clinton","D",44.8,39.9332,"now",104
"lv",1555,"Ipsos",2016-02-26,2016-03-01,"A-",9.59e-05,9.59e-05,1.35e-06,"now104","Clinton","D",44.8,39.91975,"now",105
"lv",1442,"Ipsos",2016-02-29,2016-03-04,"A-",9.62e-05,9.62e-05,1.47e-06,"now105","Clinton","D",45.5,40.5803,"now",106
"lv",1428,"Ipsos",2016-03-01,2016-03-05,"A-",9.79e-05,9.79e-05,1.53e-06,"now106","Clinton","D",45.2,40.26772,"now",107
"rv",2004,"Morning Consult",2016-04-01,2016-04-03,"",9.79e-05,9.79e-05,3.45e-06,"now107","Clinton","D",45,40.89876,"now",108
"lv",1517,"Ipsos",2016-03-02,2016-03-06,"A-",0.0001068,0.0001068,1.72e-06,"now108","Clinton","D",46.2,41.25515,"now",109
"lv",1512,"Ipsos",2016-03-03,2016-03-07,"A-",0.0001094,0.0001094,1.81e-06,"now109","Clinton","D",44.9,39.93718,"now",110
"lv",1578,"Ipsos",2016-03-04,2016-03-08,"A-",0.0001174,0.0001174,1.99e-06,"now110","Clinton","D",45.9,40.92854,"now",111
"lv",1561,"Ipsos",2016-03-05,2016-03-09,"A-",0.0001194,0.0001194,2.08e-06,"now111","Clinton","D",47,42.01987,"now",112
"lv",1500,"Ipsos",2016-03-07,2016-03-11,"A-",0.0001213,0.0001213,2.24e-06,"now112","Clinton","D",43.6,38.58776,"now",113
"lv",1122,"Ipsos",2016-03-18,2016-03-22,"A-",0.0001224,0.0001224,3.03e-06,"now113","Clinton","D",41.8,36.6207,"now",114
"lv",1437,"Ipsos",2016-03-09,2016-03-13,"A-",0.0001229,0.0001229,2.39e-06,"now114","Clinton","D",41.9,36.85132,"now",115
"lv",1577,"Ipsos",2016-03-06,2016-03-10,"A-",0.0001241,0.0001241,2.23e-06,"now115","Clinton","D",45.2,40.20383,"now",116
"lv",1510,"Ipsos",2016-03-08,2016-03-12,"A-",0.0001256,0.0001256,2.38e-06,"now116","Clinton","D",43.1,38.07167,"now",117
"lv",1432,"Ipsos",2016-03-10,2016-03-14,"A-",0.0001258,0.0001258,2.51e-06,"now117","Clinton","D",41.8,36.72712,"now",118
"lv",1375,"Ipsos",2016-03-12,2016-03-16,"A-",0.0001275,0.0001275,2.69e-06,"now118","Clinton","D",43.1,37.97948,"now",119
"lv",1435,"Ipsos",2016-03-11,2016-03-15,"A-",0.0001295,0.0001295,2.66e-06,"now119","Clinton","D",44.1,39.0033,"now",120
"lv",1382,"Ipsos",2016-03-14,2016-03-18,"A-",0.0001355,0.0001355,3.01e-06,"now120","Clinton","D",42.8,37.63936,"now",121
"lv",1316,"Ipsos",2016-03-16,2016-03-20,"A-",0.0001362,0.0001362,3.2e-06,"now121","Clinton","D",39,33.81127,"now",122
"lv",1369,"Ipsos",2016-03-15,2016-03-19,"A-",0.0001379,0.0001379,3.15e-06,"now122","Clinton","D",40.7,35.52314,"now",123
"lv",1331,"Ipsos",2016-03-17,2016-03-21,"A-",0.0001414,0.0001414,3.41e-06,"now123","Clinton","D",41.2,35.99926,"now",124
"lv",1281,"Ipsos",2016-03-19,2016-03-23,"A-",0.0001434,0.0001434,3.65e-06,"now124","Clinton","D",44,38.79927,"now",125
"lv",1533,"Ipsos",2016-03-13,2016-03-17,"A-",0.0001462,0.0001462,3.17e-06,"now125","Clinton","D",42.5,37.35558,"now",126
"lv",1299,"Ipsos",2016-03-20,2016-03-24,"A-",0.0001493,0.0001493,3.91e-06,"now126","Clinton","D",44.3,39.08535,"now",127
"rv",2032,"Morning Consult",2016-04-15,2016-04-17,"",0.0001507,0.0001507,7.74e-06,"now127","Clinton","D",46,42.31864,"now",128
"lv",1314,"Ipsos",2016-03-21,2016-03-25,"A-",0.0001551,0.0001551,4.17e-06,"now128","Clinton","D",44.4,39.17163,"now",129
"lv",1311,"Ipsos",2016-03-22,2016-03-26,"A-",0.000159,0.000159,4.39e-06,"now129","Clinton","D",44.3,39.0697,"now",130
"rv",7869,"SurveyMonkey",2016-07-04,2016-07-10,"C-",0.0001668,0.0001668,7.83e-05,"now130","Clinton","D",40,41.70627,"now",131
"lv",1342,"Ipsos",2016-03-23,2016-03-27,"A-",0.0001673,0.0001673,4.75e-06,"now131","Clinton","D",46.1,40.86765,"now",132
"rv",10072,"SurveyMonkey",2016-06-27,2016-07-03,"C-",0.0001691,0.0001691,6.57e-05,"now132","Clinton","D",41,42.34835,"now",133
"rv",16135,"SurveyMonkey",2016-06-13,2016-06-19,"C-",0.0001717,0.0001717,4.57e-05,"now133","Clinton","D",42,43.08752,"now",134
"rv",2003,"Morning Consult",2016-04-20,2016-04-22,"",0.0001725,0.0001725,1.01e-05,"now134","Clinton","D",46,42.62389,"now",135
"lv",1508,"Ipsos",2016-03-24,2016-03-28,"A-",0.0001933,0.0001933,5.63e-06,"now135","Clinton","D",45.9,40.64911,"now",136
"lv",1531,"Ipsos",2016-03-25,2016-03-29,"A-",0.0002021,0.0002021,6.05e-06,"now136","Clinton","D",47.9,42.64629,"now",137
"rv",1964,"Morning Consult",2016-04-26,2016-04-29,"",0.0002029,0.0002029,1.44e-05,"now137","Clinton","D",46,43.19027,"now",138
"lv",1263,"Ipsos",2016-04-01,2016-04-05,"A-",0.0002045,0.0002045,7.4e-06,"now138","Clinton","D",42.4,37.1812,"now",139
"lv",1352,"Ipsos",2016-03-30,2016-04-03,"A-",0.000207,0.000207,7.09e-06,"now139","Clinton","D",43.6,38.35315,"now",140
"lv",1225,"Ipsos",2016-04-03,2016-04-07,"A-",0.0002095,0.0002095,8e-06,"now140","Clinton","D",43.6,38.42833,"now",141
"lv",1545,"Ipsos",2016-03-26,2016-03-30,"A-",0.00021,0.00021,6.46e-06,"now141","Clinton","D",47.7,42.44352,"now",142
"lv",1356,"Ipsos",2016-03-31,2016-04-04,"A-",0.0002135,0.0002135,7.52e-06,"now142","Clinton","D",43.8,38.55798,"now",143
"lv",1291,"Ipsos",2016-04-02,2016-04-06,"A-",0.0002148,0.0002148,7.98e-06,"now143","Clinton","D",42.7,37.50482,"now",144
"rv",1995,"Gravis Marketing",2015-12-07,2015-12-08,"B-",0.0002163,0.0002163,3.33e-07,"now144","Clinton","D",51,45.69397,"now",145
"lv",1522,"Ipsos",2016-03-29,2016-04-02,"A-",0.0002264,0.0002264,7.55e-06,"now145","Clinton","D",44.1,38.85189,"now",146
"rv",1976,"Morning Consult",2016-04-29,2016-05-02,"",0.0002305,0.0002305,1.78e-05,"now146","Clinton","D",45,42.48316,"now",147
"lv",1667,"Ipsos",2016-03-27,2016-03-31,"A-",0.0002334,0.0002334,7.38e-06,"now147","Clinton","D",47.2,41.95212,"now",148
"lv",1661,"Ipsos",2016-03-28,2016-04-01,"A-",0.0002398,0.0002398,7.79e-06,"now148","Clinton","D",45.8,40.56048,"now",149
"lv",1368,"Ipsos",2016-04-04,2016-04-08,"A-",0.0002406,0.0002406,9.44e-06,"now149","Clinton","D",44.9,39.75149,"now",150
"rv",4015,"Morning Consult",2016-04-08,2016-04-11,"",0.000245,0.000245,1.07e-05,"now150","Clinton","D",46,42.11381,"now",151
"lv",1374,"Ipsos",2016-04-05,2016-04-09,"A-",0.0002486,0.0002486,1e-05,"now151","Clinton","D",45.2,40.07452,"now",152
"lv",1343,"Ipsos",2016-04-06,2016-04-10,"A-",0.0002501,0.0002501,1.04e-05,"now152","Clinton","D",47.6,42.50726,"now",153
"rv",9436,"SurveyMonkey",2016-07-11,2016-07-17,"C-",0.0002536,0.0002536,0.0001439,"now153","Clinton","D",39,40.74652,"now",154
"lv",1366,"Ipsos",2016-04-07,2016-04-11,"A-",0.0002617,0.0002617,1.11e-05,"now154","Clinton","D",48.2,43.1401,"now",155
"lv",1000,"Rasmussen/Pulse Opinion Research",2016-02-29,2016-03-01,"C+",0.0002666,0.0002666,3.96e-06,"now155","Clinton","D",41,37.25434,"now",156
"lv",1382,"Ipsos",2016-04-08,2016-04-12,"A-",0.0002726,0.0002726,1.19e-05,"now156","Clinton","D",47.1,42.07303,"now",157
"lv",1353,"Ipsos",2016-04-09,2016-04-13,"A-",0.0002746,0.0002746,1.23e-05,"now157","Clinton","D",46.1,41.11266,"now",158
"lv",1347,"Ipsos",2016-04-10,2016-04-14,"A-",0.0002815,0.0002815,1.3e-05,"now158","Clinton","D",46.3,41.35219,"now",159
"lv",1298,"Ipsos",2016-04-12,2016-04-16,"A-",0.0002874,0.0002874,1.4e-05,"now159","Clinton","D",45.5,40.59115,"now",160
"lv",843,"Zogby Interactive/JZ Analytics",2016-01-19,2016-01-20,"C-",0.0002911,0.0002911,1.43e-06,"now160","Clinton","D",45,39.81152,"now",161
"lv",1373,"Ipsos",2016-04-11,2016-04-15,"A-",0.0002954,0.0002954,1.4e-05,"now161","Clinton","D",45.4,40.46998,"now",162
"lv",1304,"Ipsos",2016-04-13,2016-04-17,"A-",0.0002971,0.0002971,1.49e-05,"now162","Clinton","D",46.4,41.53445,"now",163
"lv",1282,"USC Dornsife/LA Times",2016-07-04,2016-07-10,"",0.0002973,0.0002973,0.0001396,"now163","Clinton","D",40.3,39.14335,"now",164
"rv",12931,"SurveyMonkey",2016-07-18,2016-07-24,"C-",0.0003186,0.0003186,0.0003178,"now164","Clinton","D",39,40.45335,"now",165
"lv",280,"Ipsos",2016-06-03,2016-06-07,"A-",0.000328,0.000328,6.5e-05,"now165","Clinton","D",42,43.04805,"now",166
"lv",1424,"Ipsos",2016-04-14,2016-04-18,"A-",0.0003341,0.0003341,1.72e-05,"now166","Clinton","D",45.7,40.87786,"now",167
"lv",1395,"Ipsos",2016-04-15,2016-04-19,"A-",0.0003372,0.0003372,1.78e-05,"now167","Clinton","D",45.2,40.42769,"now",168
"lv",1407,"Ipsos",2016-04-16,2016-04-20,"A-",0.0003504,0.0003504,1.9e-05,"now168","Clinton","D",46.6,41.87788,"now",169
"rv",12742,"SurveyMonkey",2016-07-25,2016-07-31,"C-",0.0003621,0.0003621,0.0005291,"now169","Clinton","D",43,43.31335,"now",170
"lv",1520,"USC Dornsife/LA Times",2016-07-05,2016-07-11,"",0.0003649,0.0003649,0.0001761,"now170","Clinton","D",40.2,39.05515,"now",171
"lv",1446,"Ipsos",2016-04-17,2016-04-21,"A-",0.0003712,0.0003712,2.07e-05,"now171","Clinton","D",46.2,41.52785,"now",172
"lv",1443,"Ipsos",2016-04-18,2016-04-22,"A-",0.000382,0.000382,2.19e-05,"now172","Clinton","D",44.9,40.29644,"now",173
"lv",1600,"USC Dornsife/LA Times",2016-07-06,2016-07-12,"",0.0003984,0.0003984,0.0001975,"now173","Clinton","D",40.3,39.1761,"now",174
"lv",926,"Red Oak/Google Consumer Surveys",2016-08-03,2016-08-09,"B",0.0004106,0.0004106,0.0007065,"now174","Clinton","D",36.6,38.67318,"now",175
"lv",1607,"USC Dornsife/LA Times",2016-07-07,2016-07-13,"",0.0004155,0.0004155,0.0002116,"now175","Clinton","D",40.4,39.29053,"now",176
"lv",1525,"Ipsos",2016-04-19,2016-04-23,"A-",0.0004163,0.0004163,2.45e-05,"now176","Clinton","D",46.4,41.88312,"now",177
"lv",1608,"USC Dornsife/LA Times",2016-07-08,2016-07-14,"",0.0004317,0.0004317,0.0002259,"now177","Clinton","D",40.9,39.77241,"now",178
"lv",1110,"Ipsos",2016-04-30,2016-05-04,"A-",0.000433,0.000433,3.43e-05,"now178","Clinton","D",48.1,44.54266,"now",179
"rv",11480,"SurveyMonkey",2016-08-01,2016-08-07,"C-",0.0004622,0.0004622,0.0008159,"now179","Clinton","D",44,43.72937,"now",180
"lv",1668,"Ipsos",2016-04-20,2016-04-24,"A-",0.0004705,0.0004705,2.84e-05,"now180","Clinton","D",46.7,42.25901,"now",181
"lv",1189,"Ipsos",2016-05-01,2016-05-05,"A-",0.0004773,0.0004773,3.88e-05,"now181","Clinton","D",46.3,42.84295,"now",182
"lv",1651,"Ipsos",2016-04-21,2016-04-25,"A-",0.0004813,0.0004813,2.99e-05,"now182","Clinton","D",44.8,40.44091,"now",183
"lv",1755,"USC Dornsife/LA Times",2016-07-09,2016-07-15,"",0.00049,0.00049,0.0002634,"now183","Clinton","D",41.8,40.65205,"now",184
"lv",1311,"Ipsos",2016-04-29,2016-05-03,"A-",0.0004965,0.0004965,3.82e-05,"now184","Clinton","D",46.8,43.14238,"now",185
"lv",1353,"Ipsos",2016-04-28,2016-05-02,"A-",0.0004969,0.0004969,3.72e-05,"now185","Clinton","D",47,43.24732,"now",186
"lv",1672,"Ipsos",2016-04-22,2016-04-26,"A-",0.0005041,0.0005041,3.21e-05,"now186","Clinton","D",44.4,40.1138,"now",187
"lv",1575,"Ipsos",2016-04-24,2016-04-28,"A-",0.0005077,0.0005077,3.42e-05,"now187","Clinton","D",44.4,40.29191,"now",188
"lv",1453,"Ipsos",2016-04-27,2016-05-01,"A-",0.0005171,0.0005171,3.77e-05,"now188","Clinton","D",44.9,41.04893,"now",189
"lv",1681,"Ipsos",2016-04-23,2016-04-27,"A-",0.0005241,0.0005241,3.43e-05,"now189","Clinton","D",43.9,39.71206,"now",190
"lv",1828,"USC Dornsife/LA Times",2016-07-10,2016-07-16,"",0.0005318,0.0005318,0.0002937,"now190","Clinton","D",41.7,40.54154,"now",191
"lv",1292,"Ipsos",2016-05-02,2016-05-06,"A-",0.0005346,0.0005346,4.46e-05,"now191","Clinton","D",45,41.64237,"now",192
"lv",1552,"Ipsos",2016-04-26,2016-04-30,"A-",0.0005348,0.0005348,3.8e-05,"now192","Clinton","D",45.2,41.24949,"now",193
"rv",2001,"Morning Consult",2016-05-19,2016-05-23,"",0.0005404,0.0005404,7.14e-05,"now193","Clinton","D",38,40.36939,"now",194
"lv",2112,"USC Dornsife/LA Times",2016-07-20,2016-07-26,"",0.0005412,0.0005412,0.0007089,"now194","Clinton","D",40.41,38.74658,"now",195
"lv",1645,"Ipsos",2016-04-25,2016-04-29,"A-",0.0005482,0.0005482,3.79e-05,"now195","Clinton","D",44.5,40.45628,"now",196
"rv",2416,"Gravis Marketing",2016-01-10,2016-01-10,"B-",0.0005532,0.0005532,2.07e-06,"now196","Clinton","D",49,43.52861,"now",197
"lv",2150,"USC Dornsife/LA Times",2016-07-21,2016-07-27,"",0.0005541,0.0005541,0.0007805,"now197","Clinton","D",40.13,38.29887,"now",198
"lv",2102,"USC Dornsife/LA Times",2016-07-19,2016-07-25,"",0.0005718,0.0005718,0.000653,"now198","Clinton","D",41.1,39.5484,"now",199
"lv",1885,"USC Dornsife/LA Times",2016-07-11,2016-07-17,"",0.000572,0.000572,0.0003246,"now199","Clinton","D",42.2,41.04203,"now",200
"lv",1359,"Ipsos",2016-05-03,2016-05-07,"A-",0.00058,0.00058,4.98e-05,"now200","Clinton","D",44.6,41.34191,"now",201
"lv",1325,"Ipsos",2016-05-04,2016-05-08,"A-",0.0005836,0.0005836,5.14e-05,"now201","Clinton","D",42.2,39.04599,"now",202
"lv",2188,"USC Dornsife/LA Times",2016-07-22,2016-07-28,"",0.00059,0.00059,0.0008602,"now202","Clinton","D",40.56,38.54255,"now",203
"lv",1321,"Ipsos",2016-05-05,2016-05-09,"A-",0.0006003,0.0006003,5.43e-05,"now203","Clinton","D",39.9,36.84199,"now",204
"lv",2094,"USC Dornsife/LA Times",2016-07-18,2016-07-24,"",0.0006041,0.0006041,0.0006026,"now204","Clinton","D",41.32,39.89149,"now",205
"lv",1907,"USC Dornsife/LA Times",2016-07-12,2016-07-18,"",0.0006042,0.0006042,0.0003522,"now205","Clinton","D",42.2,41.05192,"now",206
"lv",1243,"Ipsos",2016-05-08,2016-05-12,"A-",0.0006205,0.0006205,6.09e-05,"now206","Clinton","D",40.5,37.67597,"now",207
"lv",1286,"Ipsos",2016-05-07,2016-05-11,"A-",0.0006223,0.0006223,5.95e-05,"now207","Clinton","D",43.3,40.40917,"now",208
"lv",1338,"Ipsos",2016-05-06,2016-05-10,"A-",0.0006275,0.0006275,5.84e-05,"now208","Clinton","D",41.2,38.24239,"now",209
"lv",526,"Ipsos",2016-06-04,2016-06-08,"A-",0.0006295,0.0006295,0.0001281,"now209","Clinton","D",41.8,42.83122,"now",210
"lv",2010,"USC Dornsife/LA Times",2016-07-16,2016-07-22,"",0.0006347,0.0006347,0.000497,"now210","Clinton","D",42.27,40.95517,"now",211
"lv",1953,"USC Dornsife/LA Times",2016-07-13,2016-07-19,"",0.0006441,0.0006441,0.0003873,"now211","Clinton","D",42.6,41.42405,"now",212
"lv",1185,"Ipsos",2016-05-11,2016-05-15,"A-",0.000649,0.000649,6.91e-05,"now212","Clinton","D",43.9,41.27214,"now",213
"lv",2143,"USC Dornsife/LA Times",2016-07-17,2016-07-23,"",0.0006496,0.0006496,0.0005713,"now213","Clinton","D",41.68,40.30685,"now",214
"lv",1266,"Ipsos",2016-05-09,2016-05-13,"A-",0.0006518,0.0006518,6.57e-05,"now214","Clinton","D",42.6,39.83735,"now",215
"lv",1240,"Ipsos",2016-05-10,2016-05-14,"A-",0.0006586,0.0006586,6.82e-05,"now215","Clinton","D",43.2,40.49848,"now",216
"lv",2286,"USC Dornsife/LA Times",2016-07-23,2016-07-29,"",0.000661,0.000661,0.0009752,"now216","Clinton","D",41.66,39.46036,"now",217
"lv",2083,"USC Dornsife/LA Times",2016-07-15,2016-07-21,"",0.0006781,0.0006781,0.0004782,"now217","Clinton","D",43.18,41.91671,"now",218
"lv",2050,"USC Dornsife/LA Times",2016-07-14,2016-07-20,"",0.0006784,0.0006784,0.0004371,"now218","Clinton","D",43.38,42.16375,"now",219
"lv",1221,"Ipsos",2016-05-12,2016-05-16,"A-",0.0006895,0.0006895,7.54e-05,"now219","Clinton","D",42.9,40.3251,"now",220
"lv",2220,"USC Dornsife/LA Times",2016-07-24,2016-07-30,"",0.0006981,0.0006981,0.0010287,"now220","Clinton","D",41.91,39.54955,"now",221
"lv",1000,"Rasmussen/Pulse Opinion Research",2016-04-25,2016-04-26,"C+",0.0007109,0.0007109,4.78e-05,"now221","Clinton","D",38,35.05341,"now",222
"lv",1279,"Ipsos",2016-05-13,2016-05-17,"A-",0.0007453,0.0007453,8.37e-05,"now222","Clinton","D",43.3,40.76982,"now",223
"lv",1249,"Ipsos",2016-05-14,2016-05-18,"A-",0.0007514,0.0007514,8.67e-05,"now223","Clinton","D",42.9,40.43636,"now",224
"lv",2211,"USC Dornsife/LA Times",2016-07-25,2016-07-31,"",0.0007617,0.0007617,0.001113,"now224","Clinton","D",42.13,39.59561,"now",225
"lv",1259,"Ipsos",2016-05-15,2016-05-19,"A-",0.0007817,0.0007817,9.27e-05,"now225","Clinton","D",42.2,39.76439,"now",226
"rv",3971,"Morning Consult",2016-05-11,2016-05-15,"",0.0008199,0.0008199,8.73e-05,"now226","Clinton","D",42,40.51291,"now",227
"lv",1000,"Rasmussen/Pulse Opinion Research",2016-04-27,2016-04-28,"C+",0.0008205,0.0008205,5.83e-05,"now227","Clinton","D",39,36.21099,"now",228
"lv",2186,"USC Dornsife/LA Times",2016-07-27,2016-08-02,"",0.0008217,0.0008217,0.0013003,"now228","Clinton","D",43.7,40.85746,"now",229
"lv",1241,"Ipsos",2016-05-17,2016-05-21,"A-",0.0008218,0.0008218,0.0001029,"now229","Clinton","D",42.8,40.4721,"now",230
"lv",2171,"USC Dornsife/LA Times",2016-07-26,2016-08-01,"",0.0008226,0.0008226,0.0011876,"now230","Clinton","D",43.11,40.41639,"now",231
"lv",2175,"USC Dornsife/LA Times",2016-07-28,2016-08-03,"",0.0008275,0.0008275,0.0014081,"now231","Clinton","D",44.83,41.82283,"now",232
"lv",1299,"Ipsos",2016-05-16,2016-05-20,"A-",0.000833,0.000833,0.0001015,"now232","Clinton","D",41.7,39.30928,"now",233
"lv",1225,"Ipsos",2016-05-18,2016-05-22,"A-",0.0008374,0.0008374,0.0001077,"now233","Clinton","D",42.6,40.30119,"now",234
"rv",1362,"Morning Consult",2016-06-08,2016-06-09,"",0.0008654,0.0008654,0.0001909,"now234","Clinton","D",39,41.11893,"now",235
"lv",2205,"USC Dornsife/LA Times",2016-07-29,2016-08-04,"",0.0008831,0.0008831,0.0015553,"now235","Clinton","D",45.18,42.06683,"now",236
"lv",1254,"Ipsos",2016-05-19,2016-05-23,"A-",0.0008851,0.0008851,0.0001169,"now236","Clinton","D",41.8,39.50234,"now",237
"lv",1181,"Ipsos",2016-05-21,2016-05-25,"A-",0.0008888,0.0008888,0.0001239,"now237","Clinton","D",43.8,41.49162,"now",238
"lv",1232,"Ipsos",2016-05-20,2016-05-24,"A-",0.0008981,0.0008981,0.0001219,"now238","Clinton","D",42.3,40.00676,"now",239
"rv",6005,"Morning Consult",2016-05-05,2016-05-09,"",0.0009069,0.0009069,8.21e-05,"now239","Clinton","D",44,42.08277,"now",240
"lv",2126,"USC Dornsife/LA Times",2016-07-30,2016-08-05,"",0.0009172,0.0009172,0.0016347,"now240","Clinton","D",44.55,41.35621,"now",241
"lv",1236,"Ipsos",2016-05-22,2016-05-26,"A-",0.0009605,0.0009605,0.0001376,"now241","Clinton","D",42.1,39.7765,"now",242
"lv",1190,"Ipsos",2016-05-24,2016-05-28,"A-",0.0009868,0.0009868,0.0001492,"now242","Clinton","D",44.4,42.06635,"now",243
"lv",1239,"Ipsos",2016-05-23,2016-05-27,"A-",0.0009947,0.0009947,0.0001464,"now243","Clinton","D",43.2,40.87264,"now",244
"lv",812,"Ipsos",2016-06-05,2016-06-09,"A-",0.0009974,0.0009974,0.0002085,"now244","Clinton","D",43.9,44.91433,"now",245
"lv",2146,"USC Dornsife/LA Times",2016-07-31,2016-08-06,"",0.0010108,0.0010108,0.0017992,"now245","Clinton","D",44.66,41.39162,"now",246
"lv",1205,"Ipsos",2016-05-25,2016-05-29,"A-",0.0010322,0.0010322,0.0001603,"now246","Clinton","D",45.8,43.48216,"now",247
"v",1360,"Public Policy Polling",2015-11-16,2015-11-17,"B+",0.0010323,0.0010323,9.01e-07,"now247","Clinton","D",45,40.5988,"now",248
"lv",1199,"Ipsos",2016-05-26,2016-05-30,"A-",0.0010609,0.0010609,0.0001693,"now248","Clinton","D",46.1,43.77267,"now",249
"lv",2117,"USC Dornsife/LA Times",2016-08-01,2016-08-07,"",0.0010975,0.0010975,0.0019371,"now249","Clinton","D",45.03,41.76778,"now",250
"lv",733,"CVOTER International",2016-07-18,2016-07-24,"C+",0.0011126,0.0011126,0.0011098,"now250","Clinton","D",44.4,40.01234,"now",251
"lv",1219,"Ipsos",2016-05-27,2016-05-31,"A-",0.0011146,0.0011146,0.0001827,"now251","Clinton","D",46,43.66303,"now",252
"lv",701,"CVOTER International",2016-07-17,2016-07-23,"C+",0.0011296,0.0011296,0.0009935,"now252","Clinton","D",44.1,39.7677,"now",253
"rv",15179,"SurveyMonkey",2016-08-08,2016-08-14,"C-",0.0012153,0.0012153,0.0019739,"now253","Clinton","D",43,42.89953,"now",254
"lv",2136,"USC Dornsife/LA Times",2016-08-02,2016-08-08,"",0.0012244,0.0012244,0.0021352,"now254","Clinton","D",45.13,41.86145,"now",255
"lv",1000,"Rasmussen/Pulse Opinion Research",2016-05-17,2016-05-18,"C+",0.0012628,0.0012628,0.0001539,"now255","Clinton","D",37,35.77079,"now",256
"lv",1389,"Ipsos",2016-05-28,2016-06-01,"A-",0.0013141,0.0013141,0.0002213,"now256","Clinton","D",45.9,43.54272,"now",257
"rv",1647,"YouGov",2016-03-10,2016-03-12,"B",0.001315,0.001315,2.56e-05,"now257","Clinton","D",43,37.46246,"now",258
"lv",932,"CVOTER International",2016-07-19,2016-07-25,"C+",0.0013258,0.0013258,0.001514,"now258","Clinton","D",44.8,40.28926,"now",259
"rv",930,"CNN/Opinion Research Corp.",2015-11-27,2015-12-01,"A-",0.0013577,0.0013577,1.64e-06,"now259","Clinton","D",49,43.55927,"now",260
"lv",1073,"Ipsos",2016-06-06,2016-06-10,"A-",0.0013585,0.0013585,0.0002917,"now260","Clinton","D",44,44.99627,"now",261
"lv",2146,"USC Dornsife/LA Times",2016-08-03,2016-08-09,"",0.001364,0.001364,0.0023467,"now261","Clinton","D",44.94,41.65615,"now",262
"lv",1023,"CVOTER International",2016-07-20,2016-07-26,"C+",0.0013682,0.0013682,0.0017923,"now262","Clinton","D",45,40.37743,"now",263
"rv",4002,"Morning Consult",2016-05-24,2016-05-30,"",0.0013921,0.0013921,0.0002162,"now263","Clinton","D",42,40.82294,"now",264
"lv",992,"CVOTER International",2016-07-22,2016-07-28,"C+",0.0013959,0.0013959,0.0020353,"now264","Clinton","D",46.3,41.3234,"now",265
"lv",843,"CVOTER International",2016-07-16,2016-07-22,"C+",0.0014258,0.0014258,0.0011166,"now265","Clinton","D",43.8,39.52602,"now",266
"lv",1457,"Ipsos",2016-05-29,2016-06-02,"A-",0.0014294,0.0014294,0.0002473,"now266","Clinton","D",46.9,44.52227,"now",267
"lv",1089,"CVOTER International",2016-07-21,2016-07-27,"C+",0.0014656,0.0014656,0.0020646,"now267","Clinton","D",45.8,41.00972,"now",268
"lv",992,"CVOTER International",2016-07-23,2016-07-29,"C+",0.0014913,0.0014913,0.0022003,"now268","Clinton","D",47.3,42.14121,"now",269
"lv",1471,"Ipsos",2016-05-30,2016-06-03,"A-",0.0014973,0.0014973,0.0002662,"now269","Clinton","D",46.5,44.10185,"now",270
"lv",1340,"Ipsos",2016-06-02,2016-06-06,"A-",0.0015261,0.0015261,0.0002942,"now270","Clinton","D",46.1,43.67225,"now",271
"lv",2203,"USC Dornsife/LA Times",2016-08-04,2016-08-10,"",0.0015558,0.0015558,0.0026404,"now271","Clinton","D",44.84,41.51508,"now",272
"rv",1016,"Fox News",2015-11-16,2015-11-19,"A",0.0015664,0.0015664,1.4e-06,"now272","Clinton","D",41,37.69396,"now",273
"lv",895,"CVOTER International",2016-07-15,2016-07-21,"C+",0.0015667,0.0015667,0.0011049,"now273","Clinton","D",44,39.77756,"now",274
"lv",1000,"Rasmussen/Pulse Opinion Research",2016-05-23,2016-05-24,"C+",0.0015737,0.0015737,0.0002254,"now274","Clinton","D",40,38.83801,"now",275
"lv",1502,"Ipsos",2016-05-31,2016-06-04,"A-",0.0015875,0.0015875,0.0002899,"now275","Clinton","D",46.7,44.28393,"now",276
"lv",895,"CVOTER International",2016-07-14,2016-07-20,"C+",0.0015975,0.0015975,0.0010293,"now276","Clinton","D",44.5,40.3246,"now",277
"lv",905,"CVOTER International",2016-07-13,2016-07-19,"C+",0.001613,0.001613,0.0009698,"now277","Clinton","D",44.7,40.5649,"now",278
"lv",1483,"Ipsos",2016-06-01,2016-06-05,"A-",0.0016279,0.0016279,0.0003054,"now278","Clinton","D",47.5,45.07597,"now",279
"lv",900,"Red Oak/Google Consumer Surveys",2016-08-18,2016-08-19,"B",0.0016405,0.0016405,0.0026439,"now279","Clinton","D",37.4,39.89347,"now",280
"lv",1245,"Ipsos",2016-06-08,2016-06-12,"A-",0.0016896,0.0016896,0.0003829,"now280","Clinton","D",43,43.96231,"now",281
"lv",1293,"Ipsos",2016-06-07,2016-06-11,"A-",0.0016936,0.0016936,0.0003736,"now281","Clinton","D",43,43.97816,"now",282
"lv",1048,"CVOTER International",2016-07-24,2016-07-30,"C+",0.0017081,0.0017081,0.0025171,"now282","Clinton","D",47.4,42.0804,"now",283
"lv",1012,"CVOTER International",2016-07-12,2016-07-18,"C+",0.0017312,0.0017312,0.0010091,"now283","Clinton","D",44.7,40.59277,"now",284
"lv",2216,"USC Dornsife/LA Times",2016-08-05,2016-08-11,"",0.0017411,0.0017411,0.0029171,"now284","Clinton","D",44.23,40.89442,"now",285
"lv",989,"CVOTER International",2016-07-25,2016-07-31,"C+",0.0017614,0.0017614,0.0025738,"now285","Clinton","D",49,43.50646,"now",286
"lv",1255,"Ipsos",2016-06-09,2016-06-13,"A-",0.0017648,0.0017648,0.0004109,"now286","Clinton","D",42.4,43.3449,"now",287
"lv",1231,"Ipsos",2016-06-10,2016-06-14,"A-",0.0017936,0.0017936,0.0004291,"now287","Clinton","D",42.8,43.73264,"now",288
"lv",934,"CVOTER International",2016-07-27,2016-08-02,"C+",0.0018025,0.0018025,0.0028523,"now288","Clinton","D",49.4,43.59831,"now",289
"rv",1473,"Quinnipiac University",2015-11-23,2015-11-30,"A-",0.0018332,0.0018332,2.1e-06,"now289","Clinton","D",47,44.07605,"now",290
"lv",1216,"Ipsos",2016-06-11,2016-06-15,"A-",0.0018356,0.0018356,0.0004511,"now290","Clinton","D",42.9,43.81831,"now",291
"lv",1215,"Ipsos",2016-06-12,2016-06-16,"A-",0.0019004,0.0019004,0.0004798,"now291","Clinton","D",44.6,45.51446,"now",292
"lv",1188,"CVOTER International",2016-07-11,2016-07-17,"C+",0.0019356,0.0019356,0.0010982,"now292","Clinton","D",45.2,41.08288,"now",293
"lv",1264,"CVOTER International",2016-07-10,2016-07-16,"C+",0.001955,0.001955,0.0010796,"now293","Clinton","D",44.4,40.28239,"now",294
"rv",4002,"Morning Consult",2016-06-01,2016-06-05,"",0.0019576,0.0019576,0.0003673,"now294","Clinton","D",44,42.71675,"now",295
"rv",1613,"YouGov",2016-03-26,2016-03-29,"B",0.0019587,0.0019587,6.03e-05,"now295","Clinton","D",45,39.25467,"now",296
"lv",1009,"CVOTER International",2016-07-28,2016-08-03,"C+",0.0019629,0.0019629,0.00334,"now296","Clinton","D",49.6,43.63368,"now",297
"lv",1006,"CVOTER International",2016-07-26,2016-08-01,"C+",0.0019648,0.0019648,0.0028366,"now297","Clinton","D",48.4,42.74725,"now",298
"lv",2251,"USC Dornsife/LA Times",2016-08-06,2016-08-12,"",0.0019693,0.0019693,0.0032607,"now298","Clinton","D",45.71,42.40118,"now",299
"lv",1228,"Ipsos",2016-06-13,2016-06-17,"A-",0.0019907,0.0019907,0.0005164,"now299","Clinton","D",43.3,44.2158,"now",300
"v",1267,"Public Policy Polling",2015-12-16,2015-12-17,"B+",0.0020071,0.0020071,3.94e-06,"now300","Clinton","D",43,38.2831,"now",301
"lv",746,"Saint Leo University",2015-11-29,2015-12-03,"C+",0.0020114,0.0020114,2.56e-06,"now301","Clinton","D",51,44.80215,"now",302
"lv",1206,"Ipsos",2016-06-14,2016-06-18,"A-",0.0020267,0.0020267,0.0005401,"now302","Clinton","D",45.9,46.80781,"now",303
"lv",1169,"Ipsos",2016-06-15,2016-06-19,"A-",0.0020356,0.0020356,0.0005573,"now303","Clinton","D",44.3,45.19988,"now",304
"lv",1000,"Rasmussen/Pulse Opinion Research",2016-05-31,2016-06-01,"C+",0.0020407,0.0020407,0.0003628,"now304","Clinton","D",38,40.26568,"now",305
"rv",849,"NBC News/Wall Street Journal",2015-12-06,2015-12-09,"A-",0.0020912,0.0020912,3.22e-06,"now305","Clinton","D",50,44.70707,"now",306
"lv",1186,"Ipsos",2016-06-16,2016-06-20,"A-",0.0021401,0.0021401,0.000602,"now306","Clinton","D",46.1,46.97993,"now",307
"rv",927,"CNN/Opinion Research Corp.",2015-12-17,2015-12-21,"A-",0.0021625,0.0021625,4.48e-06,"now307","Clinton","D",49,43.4121,"now",308
"lv",1792,"Zogby Interactive/JZ Analytics",2016-03-18,2016-03-21,"C-",0.0021696,0.0021696,5.38e-05,"now308","Clinton","D",47,41.00048,"now",309
"lv",2325,"USC Dornsife/LA Times",2016-08-07,2016-08-13,"",0.002268,0.002268,0.0037164,"now309","Clinton","D",46.33,43.03115,"now",310
"lv",1652,"CVOTER International",2016-07-08,2016-07-14,"C+",0.0022693,0.0022693,0.0011874,"now310","Clinton","D",43.5,39.41326,"now",311
"lv",1223,"Ipsos",2016-06-17,2016-06-21,"A-",0.0022887,0.0022887,0.0006613,"now311","Clinton","D",45.2,46.07555,"now",312
"lv",1581,"CVOTER International",2016-07-09,2016-07-15,"C+",0.0023098,0.0023098,0.0012417,"now312","Clinton","D",44.2,40.0929,"now",313
"lv",1038,"CVOTER International",2016-07-30,2016-08-05,"C+",0.0023222,0.0023222,0.0041386,"now313","Clinton","D",49.8,43.64706,"now",314
"rv",1140,"Quinnipiac University",2015-12-16,2015-12-20,"A-",0.002404,0.002404,4.84e-06,"now314","Clinton","D",47,43.91215,"now",315
"lv",1245,"Ipsos",2016-06-18,2016-06-22,"A-",0.0024176,0.0024176,0.0007177,"now315","Clinton","D",45.7,46.57097,"now",316
"lv",1000,"Suffolk University",2015-12-02,2015-12-06,"B+",0.0024367,0.0024367,3.36e-06,"now316","Clinton","D",47.5,42.31156,"now",317
"lv",1239,"Ipsos",2016-06-19,2016-06-23,"A-",0.0024979,0.0024979,0.0007618,"now317","Clinton","D",44.8,45.63925,"now",318
"lv",1036,"CVOTER International",2016-07-31,2016-08-06,"C+",0.0025292,0.0025292,0.0045021,"now318","Clinton","D",50.4,44.17247,"now",319
"lv",960,"CVOTER International",2016-08-01,2016-08-07,"C+",0.0025742,0.0025742,0.0045437,"now319","Clinton","D",49.1,42.87863,"now",320
"lv",1186,"Ipsos",2016-06-21,2016-06-25,"A-",0.0025777,0.0025777,0.0008298,"now320","Clinton","D",44.2,45.07458,"now",321
"lv",1000,"Rasmussen/Pulse Opinion Research",2016-06-06,2016-06-07,"C+",0.0025901,0.0025901,0.0005414,"now321","Clinton","D",38,40.17583,"now",322
"lv",1152,"Ipsos",2016-06-22,2016-06-26,"A-",0.0025977,0.0025977,0.0008591,"now322","Clinton","D",44.3,45.20383,"now",323
"lv",1249,"Ipsos",2016-06-20,2016-06-24,"A-",0.0026147,0.0026147,0.0008193,"now323","Clinton","D",45.8,46.64292,"now",324
"lv",1335,"Zogby Interactive/JZ Analytics",2016-03-21,2016-03-24,"C-",0.0026205,0.0026205,7.04e-05,"now324","Clinton","D",53,46.9514,"now",325
"lv",1130,"Ipsos",2016-06-23,2016-06-27,"A-",0.002643,0.002643,0.000898,"now325","Clinton","D",44.5,45.44033,"now",326
"lv",2510,"USC Dornsife/LA Times",2016-08-08,2016-08-14,"",0.0027394,0.0027394,0.0044492,"now326","Clinton","D",45.63,42.35133,"now",327
"lv",1150,"Ipsos",2016-06-24,2016-06-28,"A-",0.0027903,0.0027903,0.0009739,"now327","Clinton","D",44.7,45.66659,"now",328
"rv",1013,"Fox News",2015-12-16,2015-12-17,"A",0.0028438,0.0028438,5.58e-06,"now328","Clinton","D",49,45.39883,"now",329
"lv",1134,"Ipsos",2016-06-25,2016-06-29,"A-",0.0028554,0.0028554,0.0010239,"now329","Clinton","D",44.5,45.50727,"now",330
"lv",993,"CVOTER International",2016-08-02,2016-08-08,"C+",0.0029352,0.0029352,0.0051187,"now330","Clinton","D",48.5,42.2723,"now",331
"rv",1574,"Gravis Marketing",2016-05-10,2016-05-10,"B-",0.0030071,0.0030071,0.0002952,"now331","Clinton","D",49.5,45.52396,"now",332
"rv",17459,"SurveyMonkey",2016-08-15,2016-08-21,"C-",0.0030253,0.0030253,0.0048103,"now332","Clinton","D",43,43.14883,"now",333
"lv",1468,"CVOTER International",2016-07-29,2016-08-04,"C+",0.0030257,0.0030257,0.0053288,"now333","Clinton","D",50,43.92768,"now",334
"lv",1163,"Ipsos",2016-06-26,2016-06-30,"A-",0.0030399,0.0030399,0.0011199,"now334","Clinton","D",44.6,45.64552,"now",335
"lv",2539,"USC Dornsife/LA Times",2016-08-09,2016-08-15,"",0.0031102,0.0031102,0.0050146,"now335","Clinton","D",45.52,42.25185,"now",336
"lv",1002,"CVOTER International",2016-08-03,2016-08-09,"C+",0.003276,0.003276,0.0056362,"now336","Clinton","D",48.1,41.857,"now",337
"rv",1561,"YouGov",2016-04-22,2016-04-26,"B",0.0033978,0.0033978,0.0002166,"now337","Clinton","D",43,38.22494,"now",338
"lv",1000,"Rasmussen/Pulse Opinion Research",2016-06-14,2016-06-15,"C+",0.0034302,0.0034302,0.0008898,"now338","Clinton","D",44,42.67177,"now",339
"rv",3891,"Morning Consult",2016-06-15,2016-06-20,"",0.0034323,0.0034323,0.0009654,"now339","Clinton","D",38,40.02071,"now",340
"lv",2551,"USC Dornsife/LA Times",2016-08-10,2016-08-16,"",0.0035116,0.0035116,0.0056289,"now340","Clinton","D",44.19,40.93342,"now",341
"lv",1345,"Ipsos",2016-06-27,2016-07-01,"A-",0.0036576,0.0036576,0.0013844,"now341","Clinton","D",43.4,44.50305,"now",342
"lv",834,"Zogby Interactive/JZ Analytics",2016-04-19,2016-04-20,"C-",0.0036615,0.0036615,0.0002095,"now342","Clinton","D",47,41.57621,"now",343
"lv",1350,"Ipsos",2016-06-28,2016-07-02,"A-",0.0038279,0.0038279,0.0014884,"now343","Clinton","D",43.9,45.06864,"now",344
"rv",800,"NBC News/Wall Street Journal",2016-01-09,2016-01-13,"A-",0.0038521,0.0038521,1.48e-05,"now344","Clinton","D",51,45.54132,"now",345
"lv",2500,"USC Dornsife/LA Times",2016-08-11,2016-08-17,"",0.0038689,0.0038689,0.0061749,"now345","Clinton","D",44.01,40.77871,"now",346
"lv",1077,"CVOTER International",2016-08-04,2016-08-10,"C+",0.0039065,0.0039065,0.0066301,"now346","Clinton","D",49.45,43.16593,"now",347
"rv",2001,"Morning Consult",2016-06-30,2016-07-04,"",0.0039307,0.0039307,0.0016132,"now347","Clinton","D",38,40.42551,"now",348
"lv",1353,"Ipsos",2016-06-29,2016-07-03,"A-",0.0040016,0.0040016,0.0015985,"now348","Clinton","D",43.6,44.82665,"now",349
"rv",907,"CNN/Opinion Research Corp.",2016-01-21,2016-01-24,"A-",0.0043209,0.0043209,2.3e-05,"now349","Clinton","D",48,42.2432,"now",350
"lv",2489,"USC Dornsife/LA Times",2016-08-12,2016-08-18,"",0.0043312,0.0043312,0.0068927,"now350","Clinton","D",44.55,41.34435,"now",351
"lv",1407,"Ipsos",2016-06-30,2016-07-04,"A-",0.0043446,0.0043446,0.001783,"now351","Clinton","D",44.1,45.38473,"now",352
"lv",1308,"Ipsos",2016-07-02,2016-07-06,"A-",0.0044122,0.0044122,0.0019112,"now352","Clinton","D",43.3,44.70139,"now",353
"lv",1000,"Rasmussen/Pulse Opinion Research",2016-06-20,2016-06-21,"C+",0.0044618,0.0044618,0.0013608,"now353","Clinton","D",44,42.58401,"now",354
"lv",1107,"CVOTER International",2016-08-05,2016-08-11,"C+",0.0044681,0.0044681,0.0074858,"now354","Clinton","D",49.84,43.54527,"now",355
"rv",1006,"Fox News",2016-01-04,2016-01-07,"A",0.0045162,0.0045162,1.52e-05,"now355","Clinton","D",44,40.30661,"now",356
"lv",1317,"Ipsos",2016-07-03,2016-07-07,"A-",0.0046372,0.0046372,0.0020636,"now356","Clinton","D",44.8,46.25914,"now",357
"lv",1452,"Ipsos",2016-07-01,2016-07-05,"A-",0.0046876,0.0046876,0.0019764,"now357","Clinton","D",44.3,45.6436,"now",358
"lv",1045,"CVOTER International",2016-08-06,2016-08-12,"C+",0.0046905,0.0046905,0.0077663,"now358","Clinton","D",49.52,43.25203,"now",359
"lv",2463,"USC Dornsife/LA Times",2016-08-13,2016-08-19,"",0.0048229,0.0048229,0.0076634,"now359","Clinton","D",43.58,40.42179,"now",360
"lv",1313,"Ipsos",2016-07-04,2016-07-08,"A-",0.0048278,0.0048278,0.0022072,"now360","Clinton","D",44.4,45.89734,"now",361
"lv",974,"CVOTER International",2016-08-07,2016-08-13,"C+",0.0048456,0.0048456,0.0079401,"now361","Clinton","D",49.01,42.752,"now",362
"lv",1277,"Ipsos",2016-07-05,2016-07-09,"A-",0.0049032,0.0049032,0.002303,"now362","Clinton","D",44,45.52657,"now",363
"lv",1229,"Ipsos",2016-07-06,2016-07-10,"A-",0.0049249,0.0049249,0.0023765,"now363","Clinton","D",44.3,45.85292,"now",364
"lv",1226,"Ipsos",2016-07-07,2016-07-11,"A-",0.0051265,0.0051265,0.0025415,"now364","Clinton","D",45.4,46.98642,"now",365
"rv",1612,"YouGov",2016-05-06,2016-05-09,"B",0.005209,0.005209,0.0004845,"now365","Clinton","D",42,38.55354,"now",366
"lv",2385,"USC Dornsife/LA Times",2016-08-14,2016-08-20,"",0.0052547,0.0052547,0.0083472,"now366","Clinton","D",43.01,39.90744,"now",367
"lv",975,"CVOTER International",2016-08-08,2016-08-14,"C+",0.0053653,0.0053653,0.0087141,"now367","Clinton","D",50.45,44.21218,"now",368
"rv",2001,"Morning Consult",2016-07-08,2016-07-10,"",0.0053898,0.0053898,0.002672,"now368","Clinton","D",39,41.7272,"now",369
"lv",1248,"Ipsos",2016-07-08,2016-07-12,"A-",0.0054485,0.0054485,0.002775,"now369","Clinton","D",44.1,45.70842,"now",370
"rv",4001,"Morning Consult",2016-06-24,2016-06-27,"",0.0054696,0.0054696,0.0019092,"now370","Clinton","D",39,41.10737,"now",371
"v",1236,"Public Policy Polling",2016-02-02,2016-02-03,"B+",0.0055567,0.0055567,3.98e-05,"now371","Clinton","D",47,42.01007,"now",372
"lv",1233,"Ipsos",2016-07-09,2016-07-13,"A-",0.0056229,0.0056229,0.0029421,"now372","Clinton","D",45.1,46.69121,"now",373
"lv",2359,"USC Dornsife/LA Times",2016-08-15,2016-08-21,"",0.0058482,0.0058482,0.0092988,"now373","Clinton","D",43.55,40.50167,"now",374
"lv",1246,"Ipsos",2016-07-10,2016-07-14,"A-",0.0059377,0.0059377,0.0031918,"now374","Clinton","D",44.7,46.27445,"now",375
"rv",1125,"Quinnipiac University",2016-02-02,2016-02-04,"A-",0.0059873,0.0059873,4.29e-05,"now375","Clinton","D",46,42.63601,"now",376
"lv",1000,"Rasmussen/Pulse Opinion Research",2016-06-28,2016-06-29,"C+",0.0060824,0.0060824,0.0023021,"now376","Clinton","D",39,37.90976,"now",377
"lv",1264,"Ipsos",2016-07-11,2016-07-15,"A-",0.006299,0.006299,0.0034787,"now377","Clinton","D",43.9,45.46754,"now",378
"lv",1035,"CVOTER International",2016-08-09,2016-08-15,"C+",0.0063083,0.0063083,0.0101707,"now378","Clinton","D",50.67,44.4427,"now",379
"lv",1234,"Ipsos",2016-07-12,2016-07-16,"A-",0.0064332,0.0064332,0.0036499,"now379","Clinton","D",43.5,45.06682,"now",380
"lv",1183,"Ipsos",2016-07-13,2016-07-17,"A-",0.0064476,0.0064476,0.0037582,"now380","Clinton","D",43.6,45.17414,"now",381
"lv",1180,"Ipsos",2016-07-14,2016-07-18,"A-",0.0067223,0.0067223,0.0040255,"now381","Clinton","D",41.6,43.14595,"now",382
"lv",2411,"USC Dornsife/LA Times",2016-08-16,2016-08-22,"",0.0067327,0.0067327,0.0107413,"now382","Clinton","D",44.21,41.21279,"now",383
"lv",1279,"Ipsos",2016-07-17,2016-07-21,"A-",0.0071558,0.0071558,0.0054363,"now383","Clinton","D",40,41.39522,"now",384
"lv",1217,"Ipsos",2016-07-15,2016-07-19,"A-",0.0072121,0.0072121,0.0044622,"now384","Clinton","D",41.9,43.4017,"now",385
"lv",1236,"Ipsos",2016-07-16,2016-07-20,"A-",0.0072273,0.0072273,0.0048761,"now385","Clinton","D",40.5,41.95071,"now",386
"lv",1069,"CVOTER International",2016-08-10,2016-08-16,"C+",0.007234,0.007234,0.0115957,"now386","Clinton","D",50.84,44.62428,"now",387
"rv",2502,"Morning Consult",2016-07-22,2016-07-24,"",0.0072843,0.0072843,0.0102919,"now387","Clinton","D",36,38.16275,"now",388
"rv",2002,"Morning Consult",2016-07-14,2016-07-16,"",0.0074558,0.0074558,0.0043459,"now388","Clinton","D",38,40.71492,"now",389
"lv",2396,"USC Dornsife/LA Times",2016-08-17,2016-08-23,"",0.0075349,0.0075349,0.0121122,"now389","Clinton","D",45.28,42.32446,"now",390
"lv",1009,"CVOTER International",2016-08-11,2016-08-17,"C+",0.0075763,0.0075763,0.012092,"now390","Clinton","D",49.69,43.49957,"now",391
"rv",800,"NBC News/Wall Street Journal",2016-02-14,2016-02-16,"A-",0.0076951,0.0076951,7.62e-05,"now391","Clinton","D",50,44.20999,"now",392
"rv",1622,"YouGov",2016-05-20,2016-05-23,"B",0.0079455,0.0079455,0.0010784,"now392","Clinton","D",42,39.21791,"now",393
"lv",1000,"Rasmussen/Pulse Opinion Research",2016-07-05,2016-07-05,"C+",0.0081901,0.0081901,0.0036447,"now393","Clinton","D",38,40.62064,"now",394
"lv",993,"CVOTER International",2016-08-12,2016-08-18,"C+",0.0082574,0.0082574,0.0131408,"now394","Clinton","D",49.16,42.9952,"now",395
"lv",1579,"Ipsos",2016-07-18,2016-07-22,"A-",0.0082875,0.0082875,0.0072667,"now395","Clinton","D",37,38.33295,"now",396
"lv",2434,"USC Dornsife/LA Times",2016-08-18,2016-08-24,"",0.0086219,0.0086219,0.0140191,"now396","Clinton","D",44.28,41.39714,"now",397
"rv",1931,"Morning Consult",2016-07-29,2016-07-30,"",0.0088955,0.0088955,0.0150067,"now397","Clinton","D",41,41.97359,"now",398
"rv",920,"CNN/Opinion Research Corp.",2016-02-24,2016-02-27,"A-",0.0089426,0.0089426,0.0001192,"now398","Clinton","D",52,45.77322,"now",399
"lv",1864,"Ipsos",2016-07-19,2016-07-23,"A-",0.0090468,0.0090468,0.0093674,"now399","Clinton","D",37.9,39.17364,"now",400
"lv",1143,"Ipsos",2016-07-30,2016-08-03,"A-",0.0091709,0.0091709,0.0164367,"now400","Clinton","D",41.6,41.20538,"now",401
"lv",2063,"Ipsos",2016-07-20,2016-07-24,"A-",0.0091959,0.0091959,0.0114083,"now401","Clinton","D",38.8,39.94166,"now",402
"rv",851,"ABC News/Washington Post",2015-12-10,2015-12-13,"A+",0.009291,0.009291,1.59e-05,"now402","Clinton","D",50,44.21392,"now",403
"lv",1291,"Ipsos",2016-07-28,2016-08-01,"A-",0.0094137,0.0094137,0.0156252,"now403","Clinton","D",42.1,41.93281,"now",404
"rv",2197,"Gravis Marketing",2016-06-16,2016-06-16,"B-",0.0096331,0.0096331,0.0025671,"now404","Clinton","D",50.5,46.85321,"now",405
"lv",1393,"Ipsos",2016-07-26,2016-07-30,"A-",0.0096585,0.0096585,0.0141713,"now405","Clinton","D",40.7,40.83364,"now",406
"lv",1283,"Ipsos",2016-07-29,2016-08-02,"A-",0.0096749,0.0096749,0.0169403,"now406","Clinton","D",42.9,42.60059,"now",407
"lv",1309,"Ipsos",2016-07-27,2016-07-31,"A-",0.0096963,0.0096963,0.0145305,"now407","Clinton","D",42.8,42.77744,"now",408
"lv",2444,"USC Dornsife/LA Times",2016-08-19,2016-08-25,"",0.0097644,0.0097644,0.0161184,"now408","Clinton","D",43.6,40.78918,"now",409
"lv",1153,"Ipsos",2016-07-31,2016-08-04,"A-",0.0100096,0.0100096,0.018033,"now409","Clinton","D",40,39.53491,"now",410
"lv",1787,"Ipsos",2016-07-24,2016-07-28,"A-",0.010094,0.010094,0.0150546,"now410","Clinton","D",38.4,38.86891,"now",411
"lv",1096,"CVOTER International",2016-08-13,2016-08-19,"C+",0.0101228,0.0101228,0.0160846,"now411","Clinton","D",49.45,43.33265,"now",412
"lv",2289,"Ipsos",2016-07-21,2016-07-25,"A-",0.0102123,0.0102123,0.0140327,"now412","Clinton","D",38,39.02197,"now",413
"lv",1662,"Ipsos",2016-07-25,2016-07-29,"A-",0.0103973,0.0103973,0.0154243,"now413","Clinton","D",38.3,38.60322,"now",414
"rv",1031,"Fox News",2016-02-15,2016-02-17,"A",0.0104312,0.0104312,0.0001061,"now414","Clinton","D",47,42.93659,"now",415
"lv",837,"Zogby Interactive/JZ Analytics",2016-06-02,2016-06-05,"C-",0.0104868,0.0104868,0.0020215,"now415","Clinton","D",40,40.24455,"now",416
"rv",1342,"Quinnipiac University",2016-02-10,2016-02-15,"A-",0.0105464,0.0105464,9.89e-05,"now416","Clinton","D",44,40.51231,"now",417
"lv",2062,"Ipsos",2016-07-23,2016-07-27,"A-",0.0105793,0.0105793,0.015697,"now417","Clinton","D",39,39.65597,"now",418
"lv",1000,"Suffolk University",2016-02-11,2016-02-15,"B+",0.0105961,0.0105961,9.94e-05,"now418","Clinton","D",43,37.31816,"now",419
"lv",2332,"Ipsos",2016-07-22,2016-07-26,"A-",0.0109969,0.0109969,0.0159405,"now419","Clinton","D",37.6,38.44715,"now",420
"lv",2460,"USC Dornsife/LA Times",2016-08-20,2016-08-26,"",0.0111026,0.0111026,0.018671,"now420","Clinton","D",44.6,41.86371,"now",421
"lv",1196,"Ipsos",2016-08-01,2016-08-05,"A-",0.0113741,0.0113741,0.0203821,"now421","Clinton","D",39.8,39.31687,"now",422
"rv",24104,"SurveyMonkey",2016-08-22,2016-08-28,"C-",0.0114875,0.0114875,0.0202471,"now422","Clinton","D",41,41.58077,"now",423
"rv",1011,"YouGov",2016-06-18,2016-06-20,"B",0.0116437,0.0116437,0.0033646,"now423","Clinton","D",43,43.3867,"now",424
"lv",1000,"Rasmussen/Pulse Opinion Research",2016-07-12,2016-07-13,"C+",0.0116453,0.0116453,0.0064312,"now424","Clinton","D",37,36.27864,"now",425
"rv",1636,"YouGov",2016-06-02,2016-06-05,"B",0.0122443,0.0122443,0.0023603,"now425","Clinton","D",44,41.08339,"now",426
"lv",1191,"CVOTER International",2016-08-14,2016-08-20,"C+",0.0122999,0.0122999,0.0195388,"now426","Clinton","D",48.19,42.12829,"now",427
"lv",1175,"Ipsos",2016-08-02,2016-08-06,"A-",0.0123274,0.0123274,0.0218482,"now427","Clinton","D",41.2,40.74966,"now",428
"rv",1058,"CBS News/New York Times",2016-03-17,2016-03-20,"A-",0.0128,0.0128,0.0003088,"now428","Clinton","D",50,44.51394,"now",429
"lv",1119,"Ipsos",2016-08-03,2016-08-07,"A-",0.0129804,0.0129804,0.0226919,"now429","Clinton","D",40.8,40.37618,"now",430
"lv",2545,"USC Dornsife/LA Times",2016-08-21,2016-08-27,"",0.013027,0.013027,0.0223918,"now430","Clinton","D",44.21,41.55602,"now",431
"lv",1000,"Rasmussen/Pulse Opinion Research",2016-07-26,2016-07-27,"C+",0.0133277,0.0133277,0.0202489,"now431","Clinton","D",43,41.07664,"now",432
"lv",2469,"USC Dornsife/LA Times",2016-08-22,2016-08-28,"",0.0143725,0.0143725,0.025332,"now432","Clinton","D",43.59,41.0125,"now",433
"lv",1259,"CVOTER International",2016-08-15,2016-08-21,"C+",0.0146317,0.0146317,0.0232647,"now433","Clinton","D",47.98,41.97252,"now",434
"v",1083,"Public Policy Polling",2016-03-24,2016-03-26,"B+",0.0148006,0.0148006,0.0004199,"now434","Clinton","D",48,42.26802,"now",435
"lv",1154,"Ipsos",2016-08-04,2016-08-08,"A-",0.0148219,0.0148219,0.0255363,"now435","Clinton","D",40.5,40.09206,"now",436
"rv",925,"CNN/Opinion Research Corp.",2016-03-17,2016-03-20,"A-",0.0155225,0.0155225,0.0003745,"now436","Clinton","D",53,46.43304,"now",437
"lv",1214,"CVOTER International",2016-08-16,2016-08-22,"C+",0.0158978,0.0158978,0.025363,"now437","Clinton","D",48.35,42.39364,"now",438
"rv",2162,"Gravis Marketing",2016-06-27,2016-06-28,"B-",0.0159877,0.0159877,0.00589,"now438","Clinton","D",50,46.52759,"now",439
"rv",2001,"Morning Consult",2016-08-04,2016-08-05,"",0.0161147,0.0161147,0.0288292,"now439","Clinton","D",41,41.71696,"now",440
"lv",1000,"Rasmussen/Pulse Opinion Research",2016-07-18,2016-07-19,"C+",0.016291,0.016291,0.0107301,"now440","Clinton","D",42,41.12227,"now",441
"rv",1069,"YouGov",2016-06-24,2016-06-27,"B",0.0163065,0.0163065,0.0056918,"now441","Clinton","D",40,40.47773,"now",442
"lv",2500,"USC Dornsife/LA Times",2016-08-23,2016-08-29,"",0.0166106,0.0166106,0.0300777,"now442","Clinton","D",42.32,39.81819,"now",443
"lv",1168,"Ipsos",2016-08-05,2016-08-09,"A-",0.0166396,0.0166396,0.0282605,"now443","Clinton","D",41.5,41.07539,"now",444
"lv",1101,"Ipsos",2016-08-06,2016-08-10,"A-",0.0173818,0.0173818,0.0291285,"now444","Clinton","D",39.9,39.49641,"now",445
"lv",1196,"CVOTER International",2016-08-17,2016-08-23,"C+",0.0175951,0.0175951,0.0282838,"now445","Clinton","D",47.59,41.67531,"now",446
"lv",1002,"McLaughlin & Associates",2016-03-17,2016-03-23,"C-",0.0176312,0.0176312,0.000437,"now446","Clinton","D",48,41.65288,"now",447
"rv",754,"Emerson College",2015-12-17,2015-12-20,"B",0.0186768,0.0186768,3.87e-05,"now447","Clinton","D",48,43.2526,"now",448
"rv",2360,"Marist College",2015-11-15,2015-12-02,"A",0.0188063,0.0188063,1.98e-05,"now448","Clinton","D",52,46.36744,"now",449
"rv",1200,"NBC News/Wall Street Journal",2016-03-03,2016-03-06,"A-",0.0189702,0.0189702,0.0003137,"now449","Clinton","D",51,44.89827,"now",450
"lv",1115,"Ipsos",2016-08-07,2016-08-11,"A-",0.019481,0.019481,0.0322544,"now450","Clinton","D",40.5,40.14713,"now",451
"lv",1187,"CVOTER International",2016-08-18,2016-08-24,"C+",0.0195905,0.0195905,0.0318539,"now451","Clinton","D",47.73,41.888,"now",452
"lv",2576,"USC Dornsife/LA Times",2016-08-24,2016-08-30,"",0.0197319,0.0197319,0.0367071,"now452","Clinton","D",41.87,39.44893,"now",453
"lv",1000,"Rasmussen/Pulse Opinion Research",2016-08-01,2016-08-02,"C+",0.0200274,0.0200274,0.0369355,"now453","Clinton","D",44,44.69641,"now",454
"rv",980,"American Research Group",2016-05-17,2016-05-20,"C+",0.0204946,0.0204946,0.0025653,"now454","Clinton","D",46,42.38999,"now",455
"rv",1004,"YouGov",2016-07-02,2016-07-04,"B",0.0205904,0.0205904,0.0086815,"now455","Clinton","D",42,42.85474,"now",456
"lv",22143,"Google Consumer Surveys",2016-08-10,2016-08-16,"B",0.0210627,0.0210627,0.0337623,"now456","Clinton","D",36.72,38.97243,"now",457
"rv",1016,"Fox News",2016-03-20,2016-03-22,"A",0.0211256,0.0211256,0.000538,"now457","Clinton","D",49,44.41538,"now",458
"lv",900,"Greenberg Quinlan Rosner",2016-03-17,2016-03-24,"B-",0.0213615,0.0213615,0.000544,"now458","Clinton","D",53,45.07326,"now",459
"rv",819,"IBD/TIPP",2016-03-28,2016-04-02,"A-",0.0217052,0.0217052,0.000724,"now459","Clinton","D",47,42.18201,"now",460
"lv",1183,"CVOTER International",2016-08-19,2016-08-25,"C+",0.0218932,0.0218932,0.0361399,"now460","Clinton","D",48.95,43.18003,"now",461
"lv",1167,"Ipsos",2016-08-08,2016-08-12,"A-",0.02259,0.02259,0.0370081,"now461","Clinton","D",41.4,41.0809,"now",462
"lv",880,"Saint Leo University",2016-03-13,2016-03-17,"C+",0.0233725,0.0233725,0.0005062,"now462","Clinton","D",47.7,40.45011,"now",463
"rv",1098,"CBS News/New York Times",2016-04-08,2016-04-12,"A-",0.0234101,0.0234101,0.0010228,"now463","Clinton","D",50,44.68771,"now",464
"lv",2646,"USC Dornsife/LA Times",2016-08-25,2016-08-31,"",0.023663,0.023663,0.0452243,"now464","Clinton","D",42.4,40.0626,"now",465
"lv",1137,"Ipsos",2016-08-09,2016-08-13,"A-",0.0243871,0.0243871,0.039594,"now465","Clinton","D",41.7,41.41982,"now",466
"lv",875,"Zogby Interactive/JZ Analytics",2016-06-28,2016-06-29,"C-",0.0249495,0.0249495,0.009443,"now466","Clinton","D",39,39.28283,"now",467
"lv",1211,"CVOTER International",2016-08-20,2016-08-26,"C+",0.0251671,0.0251671,0.042323,"now467","Clinton","D",48.48,42.78456,"now",468
"rv",932,"YouGov",2016-07-09,2016-07-11,"B",0.025824,0.025824,0.0131523,"now468","Clinton","D",40,41.11956,"now",469
"lv",1109,"Ipsos",2016-08-10,2016-08-14,"A-",0.0263152,0.0263152,0.0424089,"now469","Clinton","D",41.4,41.14504,"now",470
"rv",1451,"Quinnipiac University",2016-03-16,2016-03-21,"A-",0.0266397,0.0266397,0.0006428,"now470","Clinton","D",46,41.92558,"now",471
"lv",1157,"CVOTER International",2016-08-21,2016-08-27,"C+",0.0270007,0.0270007,0.0464109,"now471","Clinton","D",49.91,44.29688,"now",472
"lv",2650,"USC Dornsife/LA Times",2016-08-26,2016-09-01,"",0.0280187,0.0280187,0.0550135,"now472","Clinton","D",43.33,41.07984,"now",473
"rv",1057,"YouGov",2016-07-23,2016-07-24,"B",0.0296413,0.0296413,0.0438187,"now473","Clinton","D",40,40.3583,"now",474
"lv",1131,"Ipsos",2016-08-11,2016-08-15,"A-",0.0296794,0.0296794,0.0475513,"now474","Clinton","D",40.4,40.17131,"now",475
"lv",1145,"CVOTER International",2016-08-22,2016-08-28,"C+",0.0299679,0.0299679,0.0528195,"now475","Clinton","D",49.87,44.33335,"now",476
"lv",1129,"Ipsos",2016-08-12,2016-08-16,"A-",0.0327763,0.0327763,0.0522854,"now476","Clinton","D",40,39.79934,"now",477
"lv",2711,"USC Dornsife/LA Times",2016-08-27,2016-09-02,"",0.0343896,0.0343896,0.0693698,"now477","Clinton","D",42.35,40.19055,"now",478
"lv",1173,"CVOTER International",2016-08-23,2016-08-29,"C+",0.0345639,0.0345639,0.0625867,"now478","Clinton","D",49.74,44.27905,"now",479
"lv",1105,"Ipsos",2016-08-13,2016-08-17,"A-",0.0354693,0.0354693,0.0564171,"now479","Clinton","D",39.5,39.32771,"now",480
"rv",890,"CNN/Opinion Research Corp.",2016-04-28,2016-05-01,"A-",0.0359042,0.0359042,0.0026912,"now480","Clinton","D",54,48.88109,"now",481
"rv",1000,"NBC News/Wall Street Journal",2016-04-10,2016-04-14,"A-",0.0364589,0.0364589,0.0016812,"now481","Clinton","D",50,43.91328,"now",482
"rv",3462,"Gravis Marketing",2016-07-21,2016-07-22,"B-",0.0365349,0.0365349,0.0459327,"now482","Clinton","D",49,45.57199,"now",483
"rv",1021,"Fox News",2016-04-11,2016-04-13,"A",0.0368628,0.0368628,0.0016998,"now483","Clinton","D",48,43.66829,"now",484
"lv",1162,"CVOTER International",2016-08-24,2016-08-30,"C+",0.038794,0.038794,0.072168,"now484","Clinton","D",48.94,43.55978,"now",485
"rv",2001,"Morning Consult",2016-08-11,2016-08-14,"",0.039086,0.039086,0.0636356,"now485","Clinton","D",39,39.91209,"now",486
"lv",1118,"Ipsos",2016-08-14,2016-08-18,"A-",0.0396748,0.0396748,0.063009,"now486","Clinton","D",40.6,40.47368,"now",487
"rv",814,"IBD/TIPP",2016-04-22,2016-04-28,"A-",0.0399877,0.0399877,0.0026189,"now487","Clinton","D",47,43.24218,"now",488
"rv",1056,"YouGov",2016-07-15,2016-07-17,"B",0.0400085,0.0400085,0.0239583,"now488","Clinton","D",40,41.05709,"now",489
"lv",2656,"USC Dornsife/LA Times",2016-08-28,2016-09-03,"",0.0410416,0.0410416,0.0850527,"now489","Clinton","D",42.37,40.31609,"now",490
"rv",864,"ABC News/Washington Post",2016-03-03,2016-03-06,"A+",0.0417081,0.0417081,0.0006897,"now490","Clinton","D",50,43.43796,"now",491
"lv",1104,"Ipsos",2016-08-15,2016-08-19,"A-",0.0433272,0.0433272,0.0687919,"now491","Clinton","D",40,39.92212,"now",492
"lv",1173,"CVOTER International",2016-08-25,2016-08-31,"C+",0.0446529,0.0446529,0.0853396,"now492","Clinton","D",48.36,43.06345,"now",493
"rv",1069,"YouGov",2016-07-30,2016-08-01,"B",0.0454342,0.0454342,0.0809211,"now493","Clinton","D",41,40.21173,"now",494
"lv",1000,"Rasmussen/Pulse Opinion Research",2016-08-09,2016-08-10,"C+",0.0473033,0.0473033,0.078936,"now494","Clinton","D",43,43.8424,"now",495
"lv",1091,"Ipsos",2016-08-16,2016-08-20,"A-",0.0473407,0.0473407,0.075236,"now495","Clinton","D",41.9,41.86913,"now",496
"v",1222,"Public Policy Polling",2016-05-06,2016-05-09,"B+",0.0484028,0.0484028,0.0045023,"now496","Clinton","D",42,42.11945,"now",497
"lv",1000,"Suffolk University",2016-04-20,2016-04-24,"B+",0.0484178,0.0484178,0.0029244,"now497","Clinton","D",50,44.49118,"now",498
"lv",1078,"Ipsos",2016-08-17,2016-08-21,"A-",0.0517146,0.0517146,0.082359,"now498","Clinton","D",41.4,41.41235,"now",499
"lv",2732,"USC Dornsife/LA Times",2016-08-29,2016-09-04,"",0.0524265,0.0524265,0.1116184,"now499","Clinton","D",42.75,40.79766,"now",500
"rv",1109,"CBS News/New York Times",2016-05-13,2016-05-17,"A-",0.0528307,0.0528307,0.005936,"now500","Clinton","D",47,44.1845,"now",501
"lv",1242,"CVOTER International",2016-08-26,2016-09-01,"C+",0.0545358,0.0545358,0.1070787,"now501","Clinton","D",48.98,43.77069,"now",502
"rv",987,"American Research Group",2016-06-17,2016-06-20,"C+",0.0554537,0.0554537,0.016024,"now502","Clinton","D",50,46.16725,"now",503
"lv",1115,"Ipsos",2016-08-18,2016-08-22,"A-",0.0591201,0.0591201,0.0946171,"now503","Clinton","D",41.4,41.44717,"now",504
"lv",1242,"CVOTER International",2016-08-27,2016-09-02,"C+",0.0636997,0.0636997,0.1284931,"now504","Clinton","D",49.25,44.1314,"now",505
"lv",781,"RABA Research",2016-07-07,2016-07-09,"C+",0.0637408,0.0637408,0.0307577,"now505","Clinton","D",41,42.24638,"now",506
"lv",1133,"Ipsos",2016-08-19,2016-08-23,"A-",0.0662895,0.0662895,0.1071796,"now506","Clinton","D",40.4,40.51641,"now",507
"lv",1150,"Ipsos",2016-08-20,2016-08-24,"A-",0.0741259,0.0741259,0.1216791,"now507","Clinton","D",38.8,38.98463,"now",508
"lv",1242,"CVOTER International",2016-08-28,2016-09-03,"C+",0.0751892,0.0751892,0.1558184,"now508","Clinton","D",49.37,44.35694,"now",509
"rv",848,"Monmouth University",2016-03-17,2016-03-20,"A+",0.0760657,0.0760657,0.0018353,"now509","Clinton","D",42,40.25496,"now",510
"rv",1021,"Fox News",2016-05-14,2016-05-17,"A",0.0791472,0.0791472,0.0091362,"now510","Clinton","D",39,40.6913,"now",511
"rv",1000,"NBC News/Wall Street Journal",2016-05-15,2016-05-19,"A-",0.0808986,0.0808986,0.0095938,"now511","Clinton","D",46,42.42548,"now",512
"lv",1000,"Penn Schoen Berland",2016-07-01,2016-07-05,"B-",0.0814531,0.0814531,0.0343431,"now512","Clinton","D",40,40.20252,"now",513
"lv",1154,"Ipsos",2016-08-21,2016-08-25,"A-",0.081823,0.081823,0.1370035,"now513","Clinton","D",39.3,39.55536,"now",514
"lv",22234,"Google Consumer Surveys",2016-08-17,2016-08-23,"B",0.082291,0.082291,0.1322811,"now514","Clinton","D",35.34,37.86829,"now",515
"lv",1257,"Zogby Interactive/JZ Analytics",2016-07-05,2016-07-06,"C-",0.0845536,0.0845536,0.0386569,"now515","Clinton","D",41,41.67712,"now",516
"rv",1066,"Marist College",2016-03-29,2016-03-31,"A",0.090202,0.090202,0.0029286,"now516","Clinton","D",50,43.1412,"now",517
"rv",1026,"YouGov",2016-08-06,2016-08-09,"B",0.0908357,0.0908357,0.1553281,"now517","Clinton","D",42,41.10755,"now",518
"rv",2001,"Morning Consult",2016-08-18,2016-08-20,"",0.0927367,0.0927367,0.1476429,"now518","Clinton","D",39,40.15312,"now",519
"lv",909,"RABA Research",2016-07-22,2016-07-22,"C+",0.0943704,0.0943704,0.1252519,"now519","Clinton","D",39,39.83512,"now",520
"rv",828,"IBD/TIPP",2016-05-31,2016-06-05,"A-",0.0967637,0.0967637,0.0181559,"now520","Clinton","D",45,43.0061,"now",521
"rv",891,"CNN/Opinion Research Corp.",2016-06-16,2016-06-19,"A-",0.0986319,0.0986319,0.0277419,"now521","Clinton","D",42,41.51371,"now",522
"rv",1048,"CBS News/New York Times",2016-06-09,2016-06-13,"A-",0.1014761,0.1014761,0.0236285,"now522","Clinton","D",39,39.65958,"now",523
"lv",815,"Selzer & Company",2016-03-19,2016-03-22,"A+",0.1023001,0.1023001,0.0026052,"now523","Clinton","D",54,46.06055,"now",524
"lv",1337,"Ipsos",2016-08-22,2016-08-26,"A-",0.1047606,0.1047606,0.1797279,"now524","Clinton","D",38.7,39.03109,"now",525
"lv",1000,"Rasmussen/Pulse Opinion Research",2016-08-15,2016-08-16,"C+",0.1077832,0.1077832,0.1735267,"now525","Clinton","D",41,42.03519,"now",526
"v",853,"Public Policy Polling",2016-06-27,2016-06-28,"B+",0.1121147,0.1121147,0.0413038,"now526","Clinton","D",45,45.5459,"now",527
"lv",1000,"Penn Schoen Berland",2016-07-22,2016-07-24,"B-",0.1136902,0.1136902,0.1606326,"now527","Clinton","D",41,40.88089,"now",528
"lv",1349,"Ipsos",2016-08-23,2016-08-27,"A-",0.1176873,0.1176873,0.2074282,"now528","Clinton","D",38.5,38.90106,"now",529
"rv",1561,"Quinnipiac University",2016-05-24,2016-05-30,"A-",0.124042,0.124042,0.0192676,"now529","Clinton","D",40,42.32601,"now",530
"rv",801,"CNBC/Hart/Public Opinion Strategies",2016-06-11,2016-06-13,"A-",0.12538,0.12538,0.0299932,"now530","Clinton","D",40,36.36602,"now",531
"lv",1356,"Ipsos",2016-08-24,2016-08-28,"A-",0.1323887,0.1323887,0.2397232,"now531","Clinton","D",38.9,39.37117,"now",532
"rv",1004,"Fox News",2016-06-05,2016-06-08,"A",0.1425393,0.1425393,0.0297937,"now532","Clinton","D",39,40.63044,"now",533
"rv",829,"ABC News/Washington Post",2016-05-16,2016-05-19,"A+",0.1534766,0.1534766,0.0186988,"now533","Clinton","D",44,40.01006,"now",534
"lv",1400,"Ipsos",2016-08-25,2016-08-29,"A-",0.1540312,0.1540312,0.2865423,"now534","Clinton","D",39.5,40.04633,"now",535
"lv",3536,"Harvard University",2016-03-31,2016-04-03,"C+",0.1547947,0.1547947,0.0054496,"now535","Clinton","D",46,40.45572,"now",536
"lv",2832,"Gravis Marketing",2016-08-09,2016-08-09,"B-",0.1548806,0.1548806,0.2564098,"now536","Clinton","D",42,39.59263,"now",537
"rv",882,"CNN/Opinion Research Corp.",2016-07-22,2016-07-24,"A-",0.15622,0.15622,0.2207228,"now537","Clinton","D",39,38.65574,"now",538
"rv",990,"American Research Group",2016-07-17,2016-07-20,"C+",0.1623153,0.1623153,0.1144377,"now538","Clinton","D",43,39.67865,"now",539
"lv",1000,"George Washington University",2016-04-17,2016-04-20,"B",0.1660441,0.1660441,0.0092489,"now539","Clinton","D",46,40.73146,"now",540
"lv",1196,"Ipsos",2016-08-27,2016-08-31,"A-",0.168607,0.168607,0.3310528,"now540","Clinton","D",38.6,39.29361,"now",541
"lv",1360,"Ipsos",2016-08-26,2016-08-30,"A-",0.1695956,0.1695956,0.3241272,"now541","Clinton","D",38.1,38.71838,"now",542
"lv",1000,"McLaughlin & Associates",2016-05-11,2016-05-16,"C-",0.1718711,0.1718711,0.0187971,"now542","Clinton","D",46,42.25727,"now",543
"rv",1143,"Gravis Marketing",2016-08-15,2016-08-15,"B-",0.1780118,0.1780118,0.2829973,"now543","Clinton","D",46,44.6757,"now",544
"lv",900,"Greenberg Quinlan Rosner",2016-06-23,2016-06-28,"B-",0.1798975,0.1798975,0.062793,"now544","Clinton","D",48,46.24058,"now",545
"lv",1172,"Ipsos",2016-08-28,2016-09-01,"A-",0.1863491,0.1863491,0.3758981,"now545","Clinton","D",39.1,39.87637,"now",546
"rv",837,"IBD/TIPP",2016-06-24,2016-06-29,"A-",0.192144,0.192144,0.0689023,"now546","Clinton","D",37,38.43739,"now",547
"rv",872,"CNN/Opinion Research Corp.",2016-07-13,2016-07-16,"A-",0.1937465,0.1937465,0.1129318,"now547","Clinton","D",42,42.20792,"now",548
"lv",1132,"Ipsos",2016-08-29,2016-09-02,"A-",0.2035512,0.2035512,0.4218299,"now548","Clinton","D",39.6,40.47429,"now",549
"rv",1076,"YouGov",2016-08-14,2016-08-16,"B",0.2127402,0.2127402,0.3382658,"now549","Clinton","D",41,40.33886,"now",550
"rv",997,"Data Targeting",2016-05-12,2016-05-15,"",0.2168067,0.2168067,0.0237116,"now550","Clinton","D",31,32.24844,"now",551
"lv",1092,"Ipsos",2016-08-30,2016-09-03,"A-",0.222518,0.222518,0.4737503,"now551","Clinton","D",40.4,41.36826,"now",552
"rv",1000,"NBC News/Wall Street Journal",2016-06-19,2016-06-23,"A-",0.242203,0.242203,0.0738688,"now552","Clinton","D",39,38.70034,"now",553
"lv",1000,"Suffolk University",2016-06-26,2016-06-29,"B+",0.2438709,0.2438709,0.0898437,"now553","Clinton","D",39,38.9777,"now",554
"rv",2007,"Morning Consult",2016-08-24,2016-08-26,"",0.2526759,0.2526759,0.4453507,"now554","Clinton","D",39,40.54184,"now",555
"lv",1090,"Ipsos",2016-08-31,2016-09-04,"A-",0.2527464,0.2527464,0.5528284,"now555","Clinton","D",40.8,41.87565,"now",556
"rv",851,"IBD/TIPP",2016-07-29,2016-08-04,"A-",0.2531517,0.2531517,0.4458534,"now556","Clinton","D",39,39.03551,"now",557
"rv",1118,"CBS News/New York Times",2016-07-22,2016-07-24,"A-",0.2543186,0.2543186,0.359326,"now557","Clinton","D",39,39.73664,"now",558
"rv",819,"PSRAI",2016-08-01,2016-08-04,"B+",0.2586005,0.2586005,0.4728071,"now558","Clinton","D",48,43.65712,"now",559
"lv",1000,"Schoen Consulting",2016-05-16,2016-05-19,"B-",0.259059,0.259059,0.0315624,"now559","Clinton","D",44,40.92648,"now",560
"rv",894,"CNN/Opinion Research Corp.",2016-07-29,2016-07-31,"A-",0.2593375,0.2593375,0.4426108,"now560","Clinton","D",45,43.46659,"now",561
"rv",1017,"Fox News",2016-06-26,2016-06-28,"A",0.2665772,0.2665772,0.0955938,"now561","Clinton","D",41,42.62337,"now",562
"rv",1655,"Pew Research Center",2016-06-15,2016-06-26,"B+",0.2734764,0.2734764,0.0834068,"now562","Clinton","D",45,45.25713,"now",563
"lv",1276,"Public Policy Polling",2016-07-29,2016-07-30,"B+",0.2803665,0.2803665,0.4729747,"now563","Clinton","D",46,44.88194,"now",564
"lv",742,"Echelon Insights",2016-07-21,2016-07-22,"",0.2879765,0.2879765,0.3620516,"now564","Clinton","D",42,42.00036,"now",565
"lv",1000,"Rasmussen/Pulse Opinion Research",2016-08-23,2016-08-24,"C+",0.2962112,0.2962112,0.5081816,"now565","Clinton","D",42,43.49259,"now",566
"lv",1000,"TargetPoint",2016-06-14,2016-06-18,"C",0.2996531,0.2996531,0.0798539,"now566","Clinton","D",45,41.79091,"now",567
"rv",1358,"CBS News/New York Times",2016-07-08,2016-07-12,"A-",0.3041179,0.3041179,0.1548888,"now567","Clinton","D",36,37.3231,"now",568
"rv",818,"University of Delaware",2016-07-21,2016-07-24,"",0.3046594,0.3046594,0.4147342,"now568","Clinton","D",46,42.99301,"now",569
"lv",930,"Saint Leo University",2016-06-10,2016-06-16,"C+",0.3140005,0.3140005,0.0771694,"now569","Clinton","D",40.6,39.41284,"now",570
"rv",836,"ABC News/Washington Post",2016-06-20,2016-06-23,"A+",0.3281071,0.3281071,0.1028059,"now570","Clinton","D",47,46.2437,"now",571
"rv",1610,"Quinnipiac University",2016-06-21,2016-06-27,"A-",0.3302463,0.3302463,0.109215,"now571","Clinton","D",39,41.03015,"now",572
"rv",1022,"Fox News",2016-07-31,2016-08-02,"A",0.3370473,0.3370473,0.6104885,"now572","Clinton","D",44,44.22149,"now",573
"lv",956,"RABA Research",2016-07-29,2016-07-29,"C+",0.3488108,0.3488108,0.5592225,"now573","Clinton","D",46,45.6709,"now",574
"lv",721,"Monmouth University",2016-06-15,2016-06-19,"A+",0.3512496,0.3512496,0.0961643,"now574","Clinton","D",44,42.51751,"now",575
"lv",1007,"RKM Research and Communications, Inc.",2016-07-12,2016-07-16,"B+",0.3708118,0.3708118,0.2103852,"now575","Clinton","D",43.7,43.5995,"now",576
"lv",1000,"Penn Schoen Berland",2016-07-29,2016-08-01,"B-",0.3828387,0.3828387,0.6730175,"now576","Clinton","D",45,43.55951,"now",577
"a",1000,"Atlantic Media/Heartland Monitor",2016-06-19,2016-06-24,"A",0.3899218,0.3899218,0.1221743,"now577","Clinton","D",44,41.37365,"now",578
"lv",750,"Selzer & Company",2016-06-10,2016-06-13,"A+",0.4039405,0.4039405,0.0966298,"now578","Clinton","D",49,47.19392,"now",579
"lv",543,"ABC News/Washington Post",2016-07-11,2016-07-14,"A+",0.4303235,0.4303235,0.2376489,"now579","Clinton","D",45,44.06583,"now",580
"rv",800,"NBC News/Wall Street Journal",2016-07-31,2016-08-03,"A-",0.4334601,0.4334601,0.794594,"now580","Clinton","D",43,41.396,"now",581
"rv",1080,"YouGov",2016-08-19,2016-08-23,"B",0.479577,0.479577,0.7754001,"now581","Clinton","D",42,41.62756,"now",582
"rv",1000,"icitizen",2016-07-12,2016-07-15,"",0.4840038,0.4840038,0.2746063,"now582","Clinton","D",39,40.55563,"now",583
"rv",1000,"NBC News/Wall Street Journal",2016-07-09,2016-07-13,"A-",0.487551,0.487551,0.255105,"now583","Clinton","D",41,41.4523,"now",584
"rv",798,"PSRAI",2016-08-04,2016-08-07,"B+",0.4955667,0.4955667,0.8723149,"now584","Clinton","D",45,40.64165,"now",585
"lv",682,"ABC News/Washington Post",2016-08-01,2016-08-04,"A+",0.4986736,0.4986736,0.9117398,"now585","Clinton","D",47,44.01516,"now",586
"rv",1131,"CBS News/New York Times",2016-07-29,2016-07-31,"A-",0.5122206,0.5122206,0.8742058,"now586","Clinton","D",43,42.54749,"now",587
"lv",683,"Monmouth University",2016-08-04,2016-08-07,"A+",0.5521928,0.5521928,0.9719902,"now587","Clinton","D",50,47.20968,"now",588
"rv",837,"GfK Group",2016-07-07,2016-07-11,"B+",0.5562838,0.5562838,0.2757743,"now588","Clinton","D",40,41.53347,"now",589
"rv",1053,"Marist College",2016-07-05,2016-07-09,"A",0.5571247,0.5571247,0.2616784,"now589","Clinton","D",40,39.90729,"now",590
"rv",983,"Marist College",2016-08-01,2016-08-03,"A",0.561702,0.561702,1.018612,"now590","Clinton","D",45,42.91563,"now",591
"rv",1000,"Normington, Petts & Associates",2016-08-09,2016-08-15,"C+",0.5724328,0.5724328,0.9229187,"now591","Clinton","D",45,44.06645,"now",592
"lv",688,"Monmouth University",2016-07-14,2016-07-16,"A+",0.5832303,0.5832303,0.3399559,"now592","Clinton","D",45,44.19176,"now",593
"rv",1408,"SurveyUSA",2016-06-08,2016-06-08,"A",0.5997725,0.5997725,0.1287943,"now593","Clinton","D",39,39.47639,"now",594
"lv",1277,"Zogby Interactive/JZ Analytics",2016-08-12,2016-08-13,"C-",0.6074681,0.6074681,0.988777,"now594","Clinton","D",38,36.95108,"now",595
"lv",900,"Greenberg Quinlan Rosner",2016-07-13,2016-07-18,"B-",0.6101664,0.6101664,0.3653859,"now595","Clinton","D",43,41.81994,"now",596
"rv",4827,"PSRAI",2016-06-30,2016-07-17,"B+",0.7043038,0.7043038,0.3491543,"now596","Clinton","D",43,40.8016,"now",597
"lv",749,"Selzer & Company",2016-08-05,2016-08-08,"A+",0.7145593,0.7145593,1.239249,"now597","Clinton","D",44,40.83667,"now",598
"rv",994,"American Research Group",2016-08-17,2016-08-20,"C+",0.7880908,0.7880908,1.270407,"now598","Clinton","D",47,41.99628,"now",599
"lv",1000,"Rasmussen/Pulse Opinion Research",2016-08-29,2016-08-30,"C+",1.093212,1.093212,2.205196,"now599","Clinton","D",39,40.93787,"now",600
"rv",1567,"Pew Research Center",2016-08-09,2016-08-16,"B+",1.116782,1.116782,1.819899,"now600","Clinton","D",41,40.18918,"now",601
"rv",1630,"Public Religion Research Institute",2016-08-10,2016-08-16,"",1.123048,1.123048,1.800176,"now601","Clinton","D",48,43.17442,"now",602
"lv",1493,"Gravis Marketing",2016-08-22,2016-08-23,"B-",1.279575,1.279575,2.136791,"now602","Clinton","D",42,40.20086,"now",603
"rv",1119,"YouGov",2016-08-27,2016-08-29,"B",1.305223,1.305223,2.494513,"now603","Clinton","D",42,42.12953,"now",604
"lv",881,"Public Policy Polling",2016-08-26,2016-08-28,"B+",1.317232,1.317232,2.450431,"now604","Clinton","D",42,41.59546,"now",605
"lv",1237,"CVOTER International",2016-08-29,2016-09-04,"C+",1.323235,1.323235,2.817225,"now605","Clinton","D",48.55,43.63852,"now",606
"lv",1000,"Suffolk University",2016-08-24,2016-08-29,"B+",1.400029,1.400029,2.604456,"now606","Clinton","D",42,41.4785,"now",607
"rv",32226,"SurveyMonkey",2016-08-29,2016-09-04,"C-",1.405524,1.405524,2.99242,"now607","Clinton","D",41,42.14796,"now",608
"rv",2001,"Morning Consult",2016-09-01,2016-09-02,"",1.41279,1.41279,3.090173,"now608","Clinton","D",38,40.21643,"now",609
"lv",926,"Red Oak/Google Consumer Surveys",2016-09-01,2016-09-02,"B",1.421724,1.421724,3.109715,"now609","Clinton","D",34.1,37.65678,"now",610
"lv",689,"Monmouth University",2016-08-25,2016-08-28,"A+",1.466217,1.466217,2.727585,"now610","Clinton","D",46,44.16395,"now",611
"lv",861,"IBD/TIPP",2016-08-26,2016-09-01,"A-",1.489672,1.489672,2.924911,"now611","Clinton","D",39,39.22124,"now",612
"lv",786,"CNN/Opinion Research Corp.",2016-09-01,2016-09-04,"A-",1.502286,1.502286,3.375817,"now612","Clinton","D",43,41.86526,"now",613
"rv",1011,"Fox News",2016-08-28,2016-08-30,"A",1.567426,1.567426,3.077577,"now613","Clinton","D",41,42.30972,"now",614
"lv",2605,"USC Dornsife/LA Times",2016-08-30,2016-09-05,"",1.604312,1.604312,3.509087,"now614","Clinton","D",43.55,41.71259,"now",615
"lv",1025,"RKM Research and Communications, Inc.",2016-08-31,2016-09-04,"B+",1.680074,1.680074,3.6748,"now615","Clinton","D",43.7,43.10834,"now",616
"lv",22189,"Google Consumer Surveys",2016-08-24,2016-08-30,"B",1.863254,1.863254,3.466189,"now616","Clinton","D",35.95,38.97745,"now",617
"lv",1498,"Quinnipiac University",2016-08-18,2016-08-24,"A-",1.8864,1.8864,3.06727,"now617","Clinton","D",45,45.34024,"now",618
"lv",1083,"Ipsos",2016-09-01,2016-09-05,"A-",1.927427,1.927427,4.331159,"now618","Clinton","D",39.7,40.83398,"now",619
